config,model,defender_id,anchor_id,gamma_cka,epsilon_kl,delta_lm,alpha_refusal,beta_coherency,cka_scope,steps,lora_r,use_borderline,asr_self,asr_anchor,asr_other,delta_asr_self,delta_asr_anchor,delta_asr_other,bgr,brr,ppl,xstest,orbench,mtbench,mmlu,adapter_dir,adapter_path
llama2_7b_f5b,llama2_7b,meta-llama/Llama-2-7b-chat-hf,mistral,2.0,0.4,0.03,0.15,1.0,harmful_only,200,32,,2.0,0.0,1.0,,,,0.0,0.0,2.6,43.2,98.3,5.98,47.5,defender_v2_cka_20260304_202359,/home/wertheizer/advers_project/phase3/7b_defense_wildguard_outputs/defender_v2_cka_20260304_202359
llama2_7b_f5c,llama2_7b,meta-llama/Llama-2-7b-chat-hf,mistral,3.0,0.4,0.03,0.15,1.0,harmful_only,200,32,,6.0,0.0,2.0,,,,0.0,0.0,2.52,,,,,defender_v2_cka_20260304_204315,/home/wertheizer/advers_project/phase3/7b_defense_wildguard_outputs/defender_v2_cka_20260304_204315
llama2_7b_f5a,llama2_7b,meta-llama/Llama-2-7b-chat-hf,mistral,2.0,0.4,0.0,0.15,1.0,harmful_only,200,32,,12.0,5.0,1.0,,,,0.0,0.0,2.54,,,,,defender_v2_cka_20260304_200421,/home/wertheizer/advers_project/phase3/7b_defense_wildguard_outputs/defender_v2_cka_20260304_200421
llama2_7b_f5d,llama2_7b,meta-llama/Llama-2-7b-chat-hf,mistral,1.5,0.5,0.03,0.15,1.0,harmful_only,200,32,,15.0,0.0,2.0,,,,0.0,0.0,2.53,,,,,defender_v2_cka_20260304_210300,/home/wertheizer/advers_project/phase3/7b_defense_wildguard_outputs/defender_v2_cka_20260304_210300
llama3_8b_r1a,llama3,meta-llama/Meta-Llama-3-8B-Instruct,Qwen1.5-7b,1.8,0.6,0.03,0.15,1.0,harmful_only,200,32,,0.0,0.0,0.0,-5.0,-2.0,-1.0,1.1,0.0,2.85,10.8,89.1,6.24,65.2,defender_v2_cka_20260304_102254,/home/wertheizer/advers_project/phase3/7b_defense_wildguard_outputs/defender_v2_cka_20260304_102254
llama3_lb_d,llama3,meta-llama/Meta-Llama-3-8B-Instruct,Qwen1.5-7b,3.0,0.6,0.05,0.15,1.0,benign_only,200,32,,0.0,0.0,0.0,-5.0,-2.0,-1.0,0.0,0.0,2.39,29.6,97.8,6.46,,defender_v2_cka_20260305_231628,/home/wertheizer/advers_project/phase3/7b_defense_wildguard_outputs/defender_v2_cka_20260305_231628
llama3_lc_c,llama3,meta-llama/Meta-Llama-3-8B-Instruct,Qwen1.5-7b,3.0,0.6,0.05,0.1,1.0,benign_only,200,32,,0.0,0.0,0.0,-5.0,-2.0,-1.0,0.0,0.0,2.39,29.6,97.4,6.54,,defender_v2_cka_20260306_133426,/home/wertheizer/advers_project/phase3/7b_defense_wildguard_outputs/defender_v2_cka_20260306_133426
llama3_lc_d,llama3,meta-llama/Meta-Llama-3-8B-Instruct,Qwen1.5-7b,2.5,0.8,0.05,0.15,1.0,benign_only,200,32,,0.0,0.0,0.0,-5.0,-2.0,-1.0,0.0,0.0,2.5,24.4,97.3,6.49,,defender_v2_cka_20260306_134243,/home/wertheizer/advers_project/phase3/7b_defense_wildguard_outputs/defender_v2_cka_20260306_134243
llama3_ab2_an,llama3,meta-llama/Meta-Llama-3-8B-Instruct,meta-llama/Meta-Llama-3-8B-Instruct,2.0,0.8,0.1,0.1,1.0,all,400,32,,1.0,0.0,0.0,-4.0,-2.0,-1.0,0.0,0.0,2.4,20.8,89.5,6.48,,defender_v2_cka_20260307_124559,/home/wertheizer/advers_project/phase3/7b_defense_wildguard_outputs/defender_v2_cka_20260307_124559
llama3_ab_hn,llama3,meta-llama/Meta-Llama-3-8B-Instruct,meta-llama/Meta-Llama-3-8B-Instruct,2.0,0.8,0.1,0.1,1.0,harmful_only,200,32,,0.0,1.0,0.0,-5.0,-1.0,-1.0,0.0,0.0,2.45,44.8,87.0,6.44,,defender_v2_cka_20260306_191928,/home/wertheizer/advers_project/phase3/7b_defense_wildguard_outputs/defender_v2_cka_20260306_191928
llama3_anc_m,llama3,meta-llama/Meta-Llama-3-8B-Instruct,mistralai/Mistral-7B-Instruct-v0.2,2.0,0.8,0.1,0.1,1.0,all,400,32,,1.0,0.0,0.0,-4.0,-2.0,-1.0,0.0,0.0,2.28,,,,,defender_v2_cka_20260308_115130,/home/wertheizer/advers_project/phase3/7b_defense_wildguard_outputs/defender_v2_cka_20260308_115130
llama3_lb_b,llama3,meta-llama/Meta-Llama-3-8B-Instruct,Qwen1.5-7b,2.5,0.5,0.03,0.15,1.0,benign_only,200,32,,1.0,0.0,0.0,-4.0,-2.0,-1.0,0.0,0.0,2.4,21.2,89.4,6.54,,defender_v2_cka_20260305_225154,/home/wertheizer/advers_project/phase3/7b_defense_wildguard_outputs/defender_v2_cka_20260305_225154
llama3_ab2_bn,llama3,meta-llama/Meta-Llama-3-8B-Instruct,meta-llama/Meta-Llama-3-8B-Instruct,2.0,0.8,0.1,0.1,1.0,benign_only,200,32,,2.0,0.0,0.0,-3.0,-2.0,-1.0,0.0,0.0,2.5,21.2,94.7,6.62,,defender_v2_cka_20260307_122526,/home/wertheizer/advers_project/phase3/7b_defense_wildguard_outputs/defender_v2_cka_20260307_122526
llama3_ab_an,llama3,meta-llama/Meta-Llama-3-8B-Instruct,meta-llama/Meta-Llama-3-8B-Instruct,2.0,0.8,0.1,0.1,1.0,all,200,32,,1.0,2.0,1.0,-4.0,0.0,0.0,0.0,0.0,2.29,10.0,60.9,6.42,,defender_v2_cka_20260306_200758,/home/wertheizer/advers_project/phase3/7b_defense_wildguard_outputs/defender_v2_cka_20260306_200758
llama3_ab_ax,llama3,meta-llama/Meta-Llama-3-8B-Instruct,meta-llama/Meta-Llama-3-8B-Instruct,2.0,0.8,0.1,0.1,1.0,all,200,32,,2.0,0.0,0.0,-3.0,-2.0,-1.0,1.1,0.0,2.38,7.2,71.9,6.54,,defender_v2_cka_20260306_201957,/home/wertheizer/advers_project/phase3/7b_defense_wildguard_outputs/defender_v2_cka_20260306_201957
llama3_ab_bn,llama3,meta-llama/Meta-Llama-3-8B-Instruct,meta-llama/Meta-Llama-3-8B-Instruct,2.0,0.8,0.1,0.1,1.0,benign_only,200,32,,2.0,0.0,0.0,-3.0,-2.0,-1.0,0.0,0.0,2.43,22.0,95.1,6.47,,defender_v2_cka_20260306_194318,/home/wertheizer/advers_project/phase3/7b_defense_wildguard_outputs/defender_v2_cka_20260306_194318
llama3_ab_hx,llama3,meta-llama/Meta-Llama-3-8B-Instruct,meta-llama/Meta-Llama-3-8B-Instruct,2.0,0.8,0.1,0.1,1.0,harmful_only,200,32,,2.0,2.0,0.0,-3.0,0.0,-1.0,1.1,0.0,2.23,6.8,78.6,6.59,,defender_v2_cka_20260306_193127,/home/wertheizer/advers_project/phase3/7b_defense_wildguard_outputs/defender_v2_cka_20260306_193127
llama3_ld_d,llama3,meta-llama/Meta-Llama-3-8B-Instruct,Qwen1.5-7b,2.0,0.8,0.1,0.1,1.0,all,200,32,,1.0,2.0,1.0,-4.0,0.0,0.0,0.0,0.0,2.29,,,,,defender_v2_cka_20260306_150228,/home/wertheizer/advers_project/phase3/7b_defense_wildguard_outputs/defender_v2_cka_20260306_150228
llama3_lx_a,llama3,meta-llama/Meta-Llama-3-8B-Instruct,Qwen1.5-7b,2.0,0.8,0.1,0.1,1.0,all,200,32,,2.0,0.0,0.0,-3.0,-2.0,-1.0,1.1,0.0,2.38,7.2,71.9,6.63,,defender_v2_cka_20260306_175420,/home/wertheizer/advers_project/phase3/7b_defense_wildguard_outputs/defender_v2_cka_20260306_175420
llama3_lx_d,llama3,meta-llama/Meta-Llama-3-8B-Instruct,Qwen1.5-7b,2.5,0.8,0.08,0.1,1.0,benign_only,200,32,,1.0,2.0,0.0,-4.0,0.0,-1.0,0.0,0.0,2.39,1.2,67.9,6.62,,defender_v2_cka_20260306_183257,/home/wertheizer/advers_project/phase3/7b_defense_wildguard_outputs/defender_v2_cka_20260306_183257
llama3_q14_hx,llama3,meta-llama/Meta-Llama-3-8B-Instruct,Qwen/Qwen1.5-14B-Chat,2.0,0.8,0.1,0.1,1.0,harmful_only,200,32,,2.0,1.0,0.0,-3.0,-1.0,-1.0,0.0,0.0,2.43,,,,,defender_v2_cka_20260309_041548,/home/wertheizer/advers_project/phase3/7b_defense_wildguard_outputs/defender_v2_cka_20260309_041548
llama3_self_hx,llama3,meta-llama/Meta-Llama-3-8B-Instruct,SELF,2.0,0.8,0.1,0.1,1.0,harmful_only,200,32,,2.0,2.0,0.0,-3.0,0.0,-1.0,0.0,0.0,2.32,,,,,defender_v2_cka_20260309_034525,/home/wertheizer/advers_project/phase3/7b_defense_wildguard_outputs/defender_v2_cka_20260309_034525
llama3_ab2_ax,llama3,meta-llama/Meta-Llama-3-8B-Instruct,meta-llama/Meta-Llama-3-8B-Instruct,2.0,0.8,0.1,0.1,1.0,all,400,32,,2.0,3.0,0.0,-3.0,1.0,-1.0,0.0,0.0,2.31,13.2,87.8,6.6,,defender_v2_cka_20260307_125728,/home/wertheizer/advers_project/phase3/7b_defense_wildguard_outputs/defender_v2_cka_20260307_125728
llama3_ab2_bx,llama3,meta-llama/Meta-Llama-3-8B-Instruct,meta-llama/Meta-Llama-3-8B-Instruct,2.0,0.8,0.1,0.1,1.0,benign_only,200,32,,3.0,2.0,1.0,-2.0,0.0,0.0,0.0,0.0,2.38,0.8,68.5,6.63,,defender_v2_cka_20260307_123357,/home/wertheizer/advers_project/phase3/7b_defense_wildguard_outputs/defender_v2_cka_20260307_123357
llama3_ld_e,llama3,meta-llama/Meta-Llama-3-8B-Instruct,Qwen1.5-7b,1.5,0.8,0.1,0.05,1.0,benign_only,200,32,,3.0,1.0,0.0,-2.0,-1.0,-1.0,0.0,0.0,2.51,,,,,defender_v2_cka_20260306_151430,/home/wertheizer/advers_project/phase3/7b_defense_wildguard_outputs/defender_v2_cka_20260306_151430
llama3_lx_e,llama3,meta-llama/Meta-Llama-3-8B-Instruct,Qwen1.5-7b,1.5,0.4,0.12,0.12,1.0,all,200,32,,3.0,2.0,0.0,-2.0,0.0,-1.0,0.0,0.0,2.41,12.0,67.4,6.62,,defender_v2_cka_20260306_184537,/home/wertheizer/advers_project/phase3/7b_defense_wildguard_outputs/defender_v2_cka_20260306_184537
llama3_ml_b,llama3,meta-llama/Meta-Llama-3-8B-Instruct,Qwen1.5-7b,3.0,0.6,0.06,0.15,1.0,all,250,32,,2.0,3.0,0.0,-3.0,1.0,-1.0,0.0,0.0,2.32,,,,,defender_v2_cka_20260305_154037,/home/wertheizer/advers_project/phase3/7b_defense_wildguard_outputs/defender_v2_cka_20260305_154037
llama3_q14_bx,llama3,meta-llama/Meta-Llama-3-8B-Instruct,Qwen/Qwen1.5-14B-Chat,2.0,0.8,0.1,0.1,1.0,benign_only,200,32,,3.0,1.0,0.0,-2.0,-1.0,-1.0,1.1,0.0,2.39,,,,,defender_v2_cka_20260309_040020,/home/wertheizer/advers_project/phase3/7b_defense_wildguard_outputs/defender_v2_cka_20260309_040020
llama3_self_bx,llama3,meta-llama/Meta-Llama-3-8B-Instruct,SELF,2.0,0.8,0.1,0.1,1.0,benign_only,200,32,,3.0,3.0,0.0,-2.0,1.0,-1.0,0.0,0.0,2.28,,,,,defender_v2_cka_20260309_032918,/home/wertheizer/advers_project/phase3/7b_defense_wildguard_outputs/defender_v2_cka_20260309_032918
llama3_ab2_hn,llama3,meta-llama/Meta-Llama-3-8B-Instruct,meta-llama/Meta-Llama-3-8B-Instruct,2.0,0.8,0.1,0.1,1.0,harmful_only,200,32,,4.0,0.0,0.0,-1.0,-2.0,-1.0,0.0,0.0,2.38,34.8,86.7,6.47,,defender_v2_cka_20260307_120738,/home/wertheizer/advers_project/phase3/7b_defense_wildguard_outputs/defender_v2_cka_20260307_120738
llama3_anc_v,llama3,meta-llama/Meta-Llama-3-8B-Instruct,lmsys/vicuna-7b-v1.5,2.0,0.8,0.1,0.1,1.0,all,400,32,,4.0,0.0,0.0,-1.0,-2.0,-1.0,0.0,0.0,2.28,,,,,defender_v2_cka_20260308_113355,/home/wertheizer/advers_project/phase3/7b_defense_wildguard_outputs/defender_v2_cka_20260308_113355
llama3_la_b,llama3,meta-llama/Meta-Llama-3-8B-Instruct,Qwen1.5-7b,3.0,0.6,0.05,0.15,1.0,all,200,32,,4.0,1.0,1.0,-1.0,-1.0,0.0,0.0,0.0,2.25,,,,,defender_v2_cka_20260306_020331,/home/wertheizer/advers_project/phase3/7b_defense_wildguard_outputs/defender_v2_cka_20260306_020331
llama3_lb_c,llama3,meta-llama/Meta-Llama-3-8B-Instruct,Qwen1.5-7b,2.0,0.5,0.03,0.15,1.0,benign_only,200,32,,4.0,0.0,0.0,-1.0,-2.0,-1.0,1.1,0.0,2.42,,,,,defender_v2_cka_20260305_230413,/home/wertheizer/advers_project/phase3/7b_defense_wildguard_outputs/defender_v2_cka_20260305_230413
llama3_lc_a,llama3,meta-llama/Meta-Llama-3-8B-Instruct,Qwen1.5-7b,3.0,0.6,0.05,0.15,1.0,all,200,32,,4.0,1.0,1.0,-1.0,-1.0,0.0,0.0,0.0,2.25,24.0,77.2,6.68,,defender_v2_cka_20260306_131551,/home/wertheizer/advers_project/phase3/7b_defense_wildguard_outputs/defender_v2_cka_20260306_131551
llama3_ld_a,llama3,meta-llama/Meta-Llama-3-8B-Instruct,Qwen1.5-7b,2.0,0.6,0.05,0.05,1.0,benign_only,200,32,,4.0,0.0,0.0,-1.0,-2.0,-1.0,0.0,0.0,2.42,,,,,defender_v2_cka_20260306_142619,/home/wertheizer/advers_project/phase3/7b_defense_wildguard_outputs/defender_v2_cka_20260306_142619
llama3_ld_c,llama3,meta-llama/Meta-Llama-3-8B-Instruct,Qwen1.5-7b,1.5,0.5,0.1,0.05,1.0,all,200,32,,4.0,0.0,0.0,-1.0,-2.0,-1.0,0.0,0.0,2.38,,,,,defender_v2_cka_20260306_145047,/home/wertheizer/advers_project/phase3/7b_defense_wildguard_outputs/defender_v2_cka_20260306_145047
llama3_ab2_hx,llama3,meta-llama/Meta-Llama-3-8B-Instruct,meta-llama/Meta-Llama-3-8B-Instruct,2.0,0.8,0.1,0.1,1.0,harmful_only,200,32,,6.0,3.0,1.0,1.0,1.0,0.0,1.1,0.0,2.25,5.6,66.1,6.54,,defender_v2_cka_20260307_121610,/home/wertheizer/advers_project/phase3/7b_defense_wildguard_outputs/defender_v2_cka_20260307_121610
llama3_ab_bx,llama3,meta-llama/Meta-Llama-3-8B-Instruct,meta-llama/Meta-Llama-3-8B-Instruct,2.0,0.8,0.1,0.1,1.0,benign_only,200,32,,6.0,2.0,1.0,1.0,0.0,0.0,0.0,0.0,2.42,2.0,64.1,6.5,,defender_v2_cka_20260306_195513,/home/wertheizer/advers_project/phase3/7b_defense_wildguard_outputs/defender_v2_cka_20260306_195513
llama3_ld_f,llama3,meta-llama/Meta-Llama-3-8B-Instruct,Qwen1.5-7b,1.5,0.4,0.12,0.12,1.0,all,200,32,,6.0,4.0,1.0,1.0,2.0,0.0,0.0,0.0,2.19,,,,,defender_v2_cka_20260306_152632,/home/wertheizer/advers_project/phase3/7b_defense_wildguard_outputs/defender_v2_cka_20260306_152632
llama3_lc_b,llama3,meta-llama/Meta-Llama-3-8B-Instruct,Qwen1.5-7b,2.5,0.5,0.05,0.1,1.0,all,200,32,,4.0,7.0,2.0,-1.0,5.0,1.0,0.0,0.0,2.34,19.6,71.3,6.51,,defender_v2_cka_20260306_132453,/home/wertheizer/advers_project/phase3/7b_defense_wildguard_outputs/defender_v2_cka_20260306_132453
llama3_ld_b,llama3,meta-llama/Meta-Llama-3-8B-Instruct,Qwen1.5-7b,2.0,0.8,0.08,0.0,1.0,benign_only,200,32,,7.0,3.0,0.0,2.0,1.0,-1.0,0.0,0.0,2.43,,,,,defender_v2_cka_20260306_143814,/home/wertheizer/advers_project/phase3/7b_defense_wildguard_outputs/defender_v2_cka_20260306_143814
llama3_lx_b,llama3,meta-llama/Meta-Llama-3-8B-Instruct,Qwen1.5-7b,2.0,0.6,0.05,0.05,1.0,benign_only,200,32,,7.0,5.0,1.0,2.0,3.0,0.0,0.0,0.0,2.39,0.8,62.9,6.52,,defender_v2_cka_20260306_180640,/home/wertheizer/advers_project/phase3/7b_defense_wildguard_outputs/defender_v2_cka_20260306_180640
llama3_lx_c,llama3,meta-llama/Meta-Llama-3-8B-Instruct,Qwen1.5-7b,1.5,0.8,0.1,0.05,1.0,benign_only,200,32,,8.0,4.0,1.0,3.0,2.0,0.0,0.0,0.0,2.42,2.0,64.1,6.46,,defender_v2_cka_20260306_181959,/home/wertheizer/advers_project/phase3/7b_defense_wildguard_outputs/defender_v2_cka_20260306_181959
llama3_8b_f4c,llama3,meta-llama/Meta-Llama-3-8B-Instruct,Qwen/Qwen1.5-7B-Chat,1.5,0.4,0.0,0.15,1.0,harmful_only,150,32,,11.0,5.0,4.0,6.0,3.0,3.0,0.0,0.0,2.49,1.6,1.2,6.2,65.4,defender_v2_cka_20260304_190237,/home/wertheizer/advers_project/phase3/7b_defense_wildguard_outputs/defender_v2_cka_20260304_190237
llama3_lb_a,llama3,meta-llama/Meta-Llama-3-8B-Instruct,Qwen1.5-7b,1.5,0.4,0.0,0.15,1.0,benign_only,200,32,,7.0,11.0,9.0,2.0,9.0,8.0,0.0,0.0,2.42,,,,,defender_v2_cka_20260305_223750,/home/wertheizer/advers_project/phase3/7b_defense_wildguard_outputs/defender_v2_cka_20260305_223750
llama3_la_a,llama3,meta-llama/Meta-Llama-3-8B-Instruct,Qwen1.5-7b,2.5,0.5,0.03,0.15,1.0,all,200,32,,7.0,12.0,6.0,2.0,10.0,5.0,0.0,0.0,2.2,,,,,defender_v2_cka_20260306_014429,/home/wertheizer/advers_project/phase3/7b_defense_wildguard_outputs/defender_v2_cka_20260306_014429
llama3_ml_a,llama3,meta-llama/Meta-Llama-3-8B-Instruct,Qwen1.5-7b,2.0,0.4,0.0,0.15,1.0,all,200,32,,7.0,14.0,15.0,2.0,12.0,14.0,0.0,0.0,2.4,,,,,defender_v2_cka_20260305_151904,/home/wertheizer/advers_project/phase3/7b_defense_wildguard_outputs/defender_v2_cka_20260305_151904
mistral7b_f4e,mistral,mistralai/Mistral-7B-Instruct-v0.2,meta-llama/Llama-2-7b-chat-hf,1.0,0.8,0.04,0.15,1.0,harmful_only,300,32,,0.0,0.0,0.0,-77.0,-30.0,-29.0,1.1,3.3,3.39,58.8,76.2,4.39,50.7,defender_v2_cka_20260304_214137,/home/wertheizer/advers_project/phase3/7b_defense_wildguard_outputs/defender_v2_cka_20260304_214137
mistral_anc_l2_hx,mistral,mistralai/Mistral-7B-Instruct-v0.2,meta-llama/Llama-2-7b-chat-hf,1.0,0.8,0.04,0.15,1.0,harmful_only,300,32,,0.0,0.0,0.0,-77.0,-30.0,-29.0,0.0,0.0,3.59,22.8,98.2,6.24,,defender_v2_cka_20260309_110603,/home/wertheizer/advers_project/phase3/7b_defense_wildguard_outputs/defender_v2_cka_20260309_110603
mistral_anc_p_hx,mistral,mistralai/Mistral-7B-Instruct-v0.2,microsoft/phi-2,1.0,0.8,0.04,0.15,1.0,harmful_only,300,32,,0.0,0.0,0.0,-77.0,-30.0,-29.0,0.0,0.0,3.36,22.4,87.3,6.14,,defender_v2_cka_20260309_123015,/home/wertheizer/advers_project/phase3/7b_defense_wildguard_outputs/defender_v2_cka_20260309_123015
mistral_anc_y_ax,mistral,mistralai/Mistral-7B-Instruct-v0.2,01-ai/Yi-1.5-9B-Chat,1.0,0.8,0.04,0.15,1.0,all,600,32,,0.0,0.0,0.0,-77.0,-30.0,-29.0,0.0,0.0,3.36,11.2,53.1,6.29,,defender_v2_cka_20260309_130114,/home/wertheizer/advers_project/phase3/7b_defense_wildguard_outputs/defender_v2_cka_20260309_130114
mistral_gen_l2_ax,mistral,mistralai/Mistral-7B-Instruct-v0.2,meta-llama/Llama-2-7b-chat-hf,0.5,1.5,0.1,0.15,1.0,all,600,32,,0.0,0.0,0.0,-77.0,-30.0,-29.0,0.0,0.0,3.55,16.8,79.6,6.38,,defender_v2_cka_20260309_170430,/home/wertheizer/advers_project/phase3/7b_defense_wildguard_outputs/defender_v2_cka_20260309_170430
mistral_gen_q_ax,mistral,mistralai/Mistral-7B-Instruct-v0.2,Qwen/Qwen1.5-7B-Chat,0.5,1.5,0.1,0.15,1.0,all,600,32,,0.0,0.0,0.0,-77.0,-30.0,-29.0,0.0,0.0,3.31,15.6,80.3,6.36,,defender_v2_cka_20260309_173545,/home/wertheizer/advers_project/phase3/7b_defense_wildguard_outputs/defender_v2_cka_20260309_173545
mistral_safe_l2_hx,mistral,mistralai/Mistral-7B-Instruct-v0.2,meta-llama/Llama-2-7b-chat-hf,1.0,1.5,0.08,0.15,1.0,harmful_only,300,32,,0.0,0.0,0.0,-77.0,-30.0,-29.0,0.0,0.0,3.47,14.0,80.5,6.19,,defender_v2_cka_20260309_140723,/home/wertheizer/advers_project/phase3/7b_defense_wildguard_outputs/defender_v2_cka_20260309_140723
mistral_safe_p_ax,mistral,mistralai/Mistral-7B-Instruct-v0.2,microsoft/phi-2,1.0,1.5,0.08,0.15,1.0,all,600,32,,0.0,0.0,0.0,-77.0,-30.0,-29.0,0.0,0.0,3.24,14.4,65.0,6.21,,defender_v2_cka_20260309_151606,/home/wertheizer/advers_project/phase3/7b_defense_wildguard_outputs/defender_v2_cka_20260309_151606
mistral_str_l2_hx,mistral,mistralai/Mistral-7B-Instruct-v0.2,meta-llama/Llama-2-7b-chat-hf,2.0,2.0,0.1,0.15,1.0,harmful_only,300,32,,0.0,0.0,0.0,-77.0,-30.0,-29.0,0.0,0.0,3.5,15.2,84.5,6.18,,defender_v2_cka_20260309_180051,/home/wertheizer/advers_project/phase3/7b_defense_wildguard_outputs/defender_v2_cka_20260309_180051
mistral7b_r1a,mistral,mistralai/Mistral-7B-Instruct-v0.2,meta-llama/Llama-2-7b-chat-hf,0.5,1.2,0.08,0.15,1.0,harmful_only,300,32,,1.0,0.0,0.0,-76.0,-30.0,-29.0,4.4,0.0,3.83,,,,,defender_v2_cka_20260304_104303,/home/wertheizer/advers_project/phase3/7b_defense_wildguard_outputs/defender_v2_cka_20260304_104303
mistral_gen_q_hx,mistral,mistralai/Mistral-7B-Instruct-v0.2,Qwen/Qwen1.5-7B-Chat,0.5,1.5,0.1,0.15,1.0,harmful_only,300,32,,0.0,1.0,0.0,-77.0,-29.0,-29.0,0.0,0.0,3.25,,,,,defender_v2_cka_20260309_163034,/home/wertheizer/advers_project/phase3/7b_defense_wildguard_outputs/defender_v2_cka_20260309_163034
mistral_safe_q_hx,mistral,mistralai/Mistral-7B-Instruct-v0.2,Qwen/Qwen1.5-7B-Chat,1.0,1.5,0.08,0.15,1.0,harmful_only,300,32,,0.0,1.0,0.0,-77.0,-29.0,-29.0,0.0,0.0,3.54,,,,,defender_v2_cka_20260309_143225,/home/wertheizer/advers_project/phase3/7b_defense_wildguard_outputs/defender_v2_cka_20260309_143225
mistral_safe_y_ax,mistral,mistralai/Mistral-7B-Instruct-v0.2,01-ai/Yi-1.5-9B-Chat,1.0,1.5,0.08,0.15,1.0,all,600,32,,1.0,0.0,0.0,-76.0,-30.0,-29.0,0.0,0.0,3.41,,,,,defender_v2_cka_20260309_144636,/home/wertheizer/advers_project/phase3/7b_defense_wildguard_outputs/defender_v2_cka_20260309_144636
mistral_anc_l3_ax,mistral,mistralai/Mistral-7B-Instruct-v0.2,meta-llama/Meta-Llama-3-8B-Instruct,1.0,0.8,0.04,0.15,1.0,all,600,32,,2.0,2.0,0.0,-75.0,-28.0,-29.0,0.0,0.0,3.18,,,,,defender_v2_cka_20260309_134210,/home/wertheizer/advers_project/phase3/7b_defense_wildguard_outputs/defender_v2_cka_20260309_134210
mistral_anc_q_hx,mistral,mistralai/Mistral-7B-Instruct-v0.2,Qwen/Qwen1.5-7B-Chat,1.0,0.8,0.04,0.15,1.0,harmful_only,300,32,,1.0,2.0,0.0,-76.0,-28.0,-29.0,0.0,0.0,3.3,,,,,defender_v2_cka_20260309_113358,/home/wertheizer/advers_project/phase3/7b_defense_wildguard_outputs/defender_v2_cka_20260309_113358
mistral_safe_p_hx,mistral,mistralai/Mistral-7B-Instruct-v0.2,microsoft/phi-2,1.0,1.5,0.08,0.15,1.0,harmful_only,300,32,,1.0,2.0,0.0,-76.0,-28.0,-29.0,0.0,0.0,3.14,,,,,defender_v2_cka_20260309_141650,/home/wertheizer/advers_project/phase3/7b_defense_wildguard_outputs/defender_v2_cka_20260309_141650
mistral_gen_y_hx,mistral,mistralai/Mistral-7B-Instruct-v0.2,01-ai/Yi-1.5-9B-Chat,0.5,1.5,0.1,0.15,1.0,harmful_only,300,32,,3.0,0.0,0.0,-74.0,-30.0,-29.0,0.0,0.0,3.37,,,,,defender_v2_cka_20260309_153824,/home/wertheizer/advers_project/phase3/7b_defense_wildguard_outputs/defender_v2_cka_20260309_153824
mistral_safe_y_hx,mistral,mistralai/Mistral-7B-Instruct-v0.2,01-ai/Yi-1.5-9B-Chat,1.0,1.5,0.08,0.15,1.0,harmful_only,300,32,,3.0,1.0,2.0,-74.0,-29.0,-27.0,0.0,0.0,3.38,,,,,defender_v2_cka_20260309_135416,/home/wertheizer/advers_project/phase3/7b_defense_wildguard_outputs/defender_v2_cka_20260309_135416
mistral_anc_l2_ax,mistral,mistralai/Mistral-7B-Instruct-v0.2,meta-llama/Llama-2-7b-chat-hf,1.0,0.8,0.04,0.15,1.0,all,600,32,,4.0,2.0,0.0,-73.0,-28.0,-29.0,0.0,0.0,3.61,,,,,defender_v2_cka_20260309_123550,/home/wertheizer/advers_project/phase3/7b_defense_wildguard_outputs/defender_v2_cka_20260309_123550
mistral_gen_l2_hx,mistral,mistralai/Mistral-7B-Instruct-v0.2,meta-llama/Llama-2-7b-chat-hf,0.5,1.5,0.1,0.15,1.0,harmful_only,300,32,,0.0,4.0,0.0,-77.0,-26.0,-29.0,0.0,0.0,3.39,,,,,defender_v2_cka_20260309_160531,/home/wertheizer/advers_project/phase3/7b_defense_wildguard_outputs/defender_v2_cka_20260309_160531
mistral_gen_p_hx,mistral,mistralai/Mistral-7B-Instruct-v0.2,microsoft/phi-2,0.5,1.5,0.1,0.15,1.0,harmful_only,300,32,,5.0,3.0,1.0,-72.0,-27.0,-28.0,0.0,0.0,3.32,,,,,defender_v2_cka_20260309_160033,/home/wertheizer/advers_project/phase3/7b_defense_wildguard_outputs/defender_v2_cka_20260309_160033
mistral7b_abl_weak,mistral,mistralai/Mistral-7B-Instruct-v0.2,meta-llama/Llama-2-7b-chat-hf,0.3,0.0,0.0,0.0,1.0,harmful_only,300,32,,5.0,6.0,5.0,-72.0,-24.0,-24.0,1.1,1.1,3.93,,,,,defender_v2_cka_20260304_120459,/home/wertheizer/advers_project/phase3/7b_defense_wildguard_outputs/defender_v2_cka_20260304_120459
mistral7b_f4c,mistral,mistralai/Mistral-7B-Instruct-v0.2,meta-llama/Llama-2-7b-chat-hf,1.0,1.0,0.06,0.15,1.0,harmful_only,300,32,,6.0,2.0,3.0,-71.0,-28.0,-26.0,3.3,0.0,4.14,30.0,57.1,4.16,54.0,defender_v2_cka_20260304_205111,/home/wertheizer/advers_project/phase3/7b_defense_wildguard_outputs/defender_v2_cka_20260304_205111
mistral_str_q_hx,mistral,mistralai/Mistral-7B-Instruct-v0.2,Qwen/Qwen1.5-7B-Chat,2.0,2.0,0.1,0.15,1.0,harmful_only,300,32,,3.0,6.0,4.0,-74.0,-24.0,-25.0,0.0,0.0,3.25,,,,,defender_v2_cka_20260309_182516,/home/wertheizer/advers_project/phase3/7b_defense_wildguard_outputs/defender_v2_cka_20260309_182516
mistral7b_abl_strong,mistral,mistralai/Mistral-7B-Instruct-v0.2,meta-llama/Llama-2-7b-chat-hf,1.5,0.0,0.0,0.0,1.0,harmful_only,300,32,,0.0,7.0,2.0,-77.0,-23.0,-27.0,0.0,1.1,3.37,,,,,defender_v2_cka_20260304_122704,/home/wertheizer/advers_project/phase3/7b_defense_wildguard_outputs/defender_v2_cka_20260304_122704
mistral_anc_y_hx,mistral,mistralai/Mistral-7B-Instruct-v0.2,01-ai/Yi-1.5-9B-Chat,1.0,0.8,0.04,0.15,1.0,harmful_only,300,32,,8.0,2.0,1.0,-69.0,-28.0,-28.0,0.0,0.0,3.35,,,,,defender_v2_cka_20260309_120639,/home/wertheizer/advers_project/phase3/7b_defense_wildguard_outputs/defender_v2_cka_20260309_120639
mistral_anc_l3_hx,mistral,mistralai/Mistral-7B-Instruct-v0.2,meta-llama/Meta-Llama-3-8B-Instruct,1.0,0.8,0.04,0.15,1.0,harmful_only,300,32,,9.0,2.0,0.0,-68.0,-28.0,-29.0,0.0,0.0,3.24,,,,,defender_v2_cka_20260309_120123,/home/wertheizer/advers_project/phase3/7b_defense_wildguard_outputs/defender_v2_cka_20260309_120123
mistral_anc_p_ax,mistral,mistralai/Mistral-7B-Instruct-v0.2,microsoft/phi-2,1.0,0.8,0.04,0.15,1.0,all,600,32,,9.0,10.0,4.0,-68.0,-20.0,-25.0,0.0,0.0,4.57,,,,,defender_v2_cka_20260309_133139,/home/wertheizer/advers_project/phase3/7b_defense_wildguard_outputs/defender_v2_cka_20260309_133139
mistral_anc_q_ax,mistral,mistralai/Mistral-7B-Instruct-v0.2,Qwen/Qwen1.5-7B-Chat,1.0,0.8,0.04,0.15,1.0,all,600,32,,9.0,10.0,8.0,-68.0,-20.0,-21.0,0.0,0.0,3.26,,,,,defender_v2_cka_20260309_130955,/home/wertheizer/advers_project/phase3/7b_defense_wildguard_outputs/defender_v2_cka_20260309_130955
mistral_safe_q_ax,mistral,mistralai/Mistral-7B-Instruct-v0.2,Qwen/Qwen1.5-7B-Chat,1.0,1.5,0.08,0.15,1.0,all,600,32,,4.0,11.0,7.0,-73.0,-19.0,-22.0,0.0,0.0,3.18,,,,,defender_v2_cka_20260309_154040,/home/wertheizer/advers_project/phase3/7b_defense_wildguard_outputs/defender_v2_cka_20260309_154040
mistral_safe_l2_ax,mistral,mistralai/Mistral-7B-Instruct-v0.2,meta-llama/Llama-2-7b-chat-hf,1.0,1.5,0.08,0.15,1.0,all,600,32,,8.0,19.0,11.0,-69.0,-11.0,-18.0,0.0,0.0,3.58,,,,,defender_v2_cka_20260309_150613,/home/wertheizer/advers_project/phase3/7b_defense_wildguard_outputs/defender_v2_cka_20260309_150613
nemo_12b_d,nemo,mistralai/Mistral-Nemo-Instruct-2407,Qwen/Qwen1.5-7B-Chat,2.5,0.3,0.05,0.15,1.0,harmful_only,250,32,,0.0,0.0,0.0,-31.0,-25.0,-16.0,1.1,0.0,2.82,46.8,95.2,6.01,67.3,defender_v2_cka_20260305_110730,/home/wertheizer/advers_project/phase3/7b_defense_wildguard_outputs/defender_v2_cka_20260305_110730
nemo_ab2_hn,nemo,mistralai/Mistral-Nemo-Instruct-2407,meta-llama/Meta-Llama-3-8B-Instruct,1.5,0.6,0.1,0.12,1.0,harmful_only,200,32,,0.0,1.0,0.0,-31.0,-24.0,-16.0,0.0,0.0,2.56,20.8,87.4,6.28,,defender_v2_cka_20260307_144757,/home/wertheizer/advers_project/phase3/7b_defense_wildguard_outputs/defender_v2_cka_20260307_144757
nemo_anc_m,nemo,mistralai/Mistral-Nemo-Instruct-2407,mistralai/Mistral-7B-Instruct-v0.2,1.5,0.6,0.1,0.12,1.0,all,400,32,,1.0,1.0,1.0,-30.0,-24.0,-15.0,0.0,0.0,2.62,,,,,defender_v2_cka_20260308_212149,/home/wertheizer/advers_project/phase3/7b_defense_wildguard_outputs/defender_v2_cka_20260308_212149
nemo_ab_hn,nemo,mistralai/Mistral-Nemo-Instruct-2407,meta-llama/Meta-Llama-3-8B-Instruct,1.5,0.6,0.1,0.12,1.0,harmful_only,200,32,,0.0,2.0,0.0,-31.0,-23.0,-16.0,0.0,0.0,2.58,24.4,90.2,6.38,,defender_v2_cka_20260306_223926,/home/wertheizer/advers_project/phase3/7b_defense_wildguard_outputs/defender_v2_cka_20260306_223926
nemo_nc_e,nemo,mistralai/Mistral-Nemo-Instruct-2407,Qwen1.5-7b,1.5,0.6,0.1,0.12,1.0,all,200,32,,2.0,2.0,0.0,-29.0,-23.0,-16.0,0.0,2.2,3.66,29.2,79.0,6.36,,defender_v2_cka_20260306_130223,/home/wertheizer/advers_project/phase3/7b_defense_wildguard_outputs/defender_v2_cka_20260306_130223
nemo_12b_e,nemo,mistralai/Mistral-Nemo-Instruct-2407,Qwen/Qwen1.5-7B-Chat,3.0,0.3,0.05,0.15,1.0,harmful_only,250,32,,3.0,3.0,0.0,-28.0,-22.0,-16.0,0.0,0.0,2.83,29.2,75.7,6.24,,defender_v2_cka_20260305_112301,/home/wertheizer/advers_project/phase3/7b_defense_wildguard_outputs/defender_v2_cka_20260305_112301
nemo_ab2_ax,nemo,mistralai/Mistral-Nemo-Instruct-2407,meta-llama/Meta-Llama-3-8B-Instruct,1.5,0.6,0.1,0.12,1.0,all,400,32,,3.0,3.0,0.0,-28.0,-22.0,-16.0,0.0,0.0,2.6,2.8,32.0,6.35,,defender_v2_cka_20260307_161510,/home/wertheizer/advers_project/phase3/7b_defense_wildguard_outputs/defender_v2_cka_20260307_161510
nemo_12b_b,nemo,mistralai/Mistral-Nemo-Instruct-2407,Qwen/Qwen1.5-7B-Chat,2.0,0.4,0.03,0.15,1.0,harmful_only,200,32,,1.0,4.0,0.0,-30.0,-21.0,-16.0,1.1,0.0,2.77,25.6,76.0,6.33,67.8,defender_v2_cka_20260305_103052,/home/wertheizer/advers_project/phase3/7b_defense_wildguard_outputs/defender_v2_cka_20260305_103052
nemo_nc_d,nemo,mistralai/Mistral-Nemo-Instruct-2407,meta-llama/Meta-Llama-3-8B-Instruct,1.5,0.5,0.05,0.12,1.0,all,200,32,,4.0,2.0,0.0,-27.0,-23.0,-16.0,0.0,0.0,2.62,35.2,74.8,6.33,,defender_v2_cka_20260306_124726,/home/wertheizer/advers_project/phase3/7b_defense_wildguard_outputs/defender_v2_cka_20260306_124726
nemo_self_an,nemo,mistralai/Mistral-Nemo-Instruct-2407,SELF,1.5,0.6,0.1,0.12,1.0,all,400,32,,4.0,4.0,2.0,-27.0,-21.0,-14.0,0.0,0.0,2.61,,,,,defender_v2_cka_20260309_221700,/home/wertheizer/advers_project/phase3/7b_defense_wildguard_outputs/defender_v2_cka_20260309_221700
nemo_self_ax,nemo,mistralai/Mistral-Nemo-Instruct-2407,SELF,1.5,0.6,0.1,0.12,1.0,all,400,32,,4.0,4.0,2.0,-27.0,-21.0,-14.0,0.0,0.0,2.61,,,,,defender_v2_cka_20260309_221700,/home/wertheizer/advers_project/phase3/7b_defense_wildguard_outputs/defender_v2_cka_20260309_221700
nemo_ab2_an,nemo,mistralai/Mistral-Nemo-Instruct-2407,meta-llama/Meta-Llama-3-8B-Instruct,1.5,0.6,0.1,0.12,1.0,all,400,32,,2.0,5.0,1.0,-29.0,-20.0,-15.0,0.0,0.0,2.61,18.0,59.7,6.22,,defender_v2_cka_20260307_155724,/home/wertheizer/advers_project/phase3/7b_defense_wildguard_outputs/defender_v2_cka_20260307_155724
nemo_ab_ax,nemo,mistralai/Mistral-Nemo-Instruct-2407,meta-llama/Meta-Llama-3-8B-Instruct,1.5,0.6,0.1,0.12,1.0,all,200,32,,4.0,5.0,1.0,-27.0,-20.0,-15.0,0.0,0.0,2.66,4.4,44.7,6.47,,defender_v2_cka_20260307_002305,/home/wertheizer/advers_project/phase3/7b_defense_wildguard_outputs/defender_v2_cka_20260307_002305
nemo_na_b,nemo,mistralai/Mistral-Nemo-Instruct-2407,Qwen1.5-7b,2.0,0.5,0.05,0.15,1.0,all,200,32,,4.0,5.0,0.0,-27.0,-20.0,-16.0,0.0,1.1,3.03,20.8,63.0,6.28,,defender_v2_cka_20260306_032947,/home/wertheizer/advers_project/phase3/7b_defense_wildguard_outputs/defender_v2_cka_20260306_032947
nemo_nc_b,nemo,mistralai/Mistral-Nemo-Instruct-2407,Qwen1.5-7b,1.5,0.8,0.05,0.08,1.0,all,200,32,,5.0,1.0,2.0,-26.0,-24.0,-14.0,0.0,0.0,2.56,23.6,73.6,6.38,,defender_v2_cka_20260306_121431,/home/wertheizer/advers_project/phase3/7b_defense_wildguard_outputs/defender_v2_cka_20260306_121431
nemo_nx_a,nemo,mistralai/Mistral-Nemo-Instruct-2407,Qwen1.5-7b,1.5,0.6,0.1,0.12,1.0,all,200,32,,4.0,5.0,1.0,-27.0,-20.0,-15.0,0.0,0.0,2.66,,,,,defender_v2_cka_20260306_202712,/home/wertheizer/advers_project/phase3/7b_defense_wildguard_outputs/defender_v2_cka_20260306_202712
nemo_q14_an,nemo,mistralai/Mistral-Nemo-Instruct-2407,Qwen/Qwen1.5-14B-Chat,1.5,0.6,0.1,0.12,1.0,all,400,32,,3.0,5.0,3.0,-28.0,-20.0,-13.0,0.0,0.0,2.59,,,,,defender_v2_cka_20260309_230409,/home/wertheizer/advers_project/phase3/7b_defense_wildguard_outputs/defender_v2_cka_20260309_230409
nemo_q14_ax,nemo,mistralai/Mistral-Nemo-Instruct-2407,Qwen/Qwen1.5-14B-Chat,1.5,0.6,0.1,0.12,1.0,all,400,32,,3.0,5.0,3.0,-28.0,-20.0,-13.0,0.0,0.0,2.59,,,,,defender_v2_cka_20260309_230409,/home/wertheizer/advers_project/phase3/7b_defense_wildguard_outputs/defender_v2_cka_20260309_230409
nemo_ab_hx,nemo,mistralai/Mistral-Nemo-Instruct-2407,meta-llama/Meta-Llama-3-8B-Instruct,1.5,0.6,0.1,0.12,1.0,harmful_only,200,32,,4.0,6.0,3.0,-27.0,-19.0,-13.0,0.0,0.0,2.7,2.4,33.6,6.47,,defender_v2_cka_20260306_225804,/home/wertheizer/advers_project/phase3/7b_defense_wildguard_outputs/defender_v2_cka_20260306_225804
nemo_ab2_hx,nemo,mistralai/Mistral-Nemo-Instruct-2407,meta-llama/Meta-Llama-3-8B-Instruct,1.5,0.6,0.1,0.12,1.0,harmful_only,200,32,,6.0,7.0,2.0,-25.0,-18.0,-14.0,0.0,0.0,2.7,2.4,32.0,6.59,,defender_v2_cka_20260307_150251,/home/wertheizer/advers_project/phase3/7b_defense_wildguard_outputs/defender_v2_cka_20260307_150251
nemo_ab_an,nemo,mistralai/Mistral-Nemo-Instruct-2407,meta-llama/Meta-Llama-3-8B-Instruct,1.5,0.6,0.1,0.12,1.0,all,200,32,,2.0,7.0,1.0,-29.0,-18.0,-15.0,0.0,0.0,2.56,18.0,74.4,6.21,,defender_v2_cka_20260307_000308,/home/wertheizer/advers_project/phase3/7b_defense_wildguard_outputs/defender_v2_cka_20260307_000308
nemo_na_a,nemo,mistralai/Mistral-Nemo-Instruct-2407,Qwen1.5-7b,1.5,0.5,0.03,0.15,1.0,all,200,32,,8.0,4.0,3.0,-23.0,-21.0,-13.0,0.0,0.0,2.53,15.2,58.8,6.34,,defender_v2_cka_20260306_030448,/home/wertheizer/advers_project/phase3/7b_defense_wildguard_outputs/defender_v2_cka_20260306_030448
nemo_nc_a,nemo,mistralai/Mistral-Nemo-Instruct-2407,Qwen1.5-7b,1.5,0.5,0.03,0.1,1.0,all,200,32,,9.0,7.0,2.0,-22.0,-18.0,-14.0,0.0,0.0,2.54,14.0,55.4,6.23,,defender_v2_cka_20260306_115805,/home/wertheizer/advers_project/phase3/7b_defense_wildguard_outputs/defender_v2_cka_20260306_115805
nemo_nx_e,nemo,mistralai/Mistral-Nemo-Instruct-2407,Qwen1.5-7b,1.5,0.6,0.08,0.1,1.0,all,200,32,,5.0,10.0,3.0,-26.0,-15.0,-13.0,0.0,0.0,2.69,,,,,defender_v2_cka_20260306_215058,/home/wertheizer/advers_project/phase3/7b_defense_wildguard_outputs/defender_v2_cka_20260306_215058
nemo_nc_c,nemo,mistralai/Mistral-Nemo-Instruct-2407,Qwen1.5-7b,2.0,0.8,0.05,0.0,1.5,all,200,32,,12.0,10.0,3.0,-19.0,-15.0,-13.0,0.0,1.1,2.52,,,,,defender_v2_cka_20260306_123034,/home/wertheizer/advers_project/phase3/7b_defense_wildguard_outputs/defender_v2_cka_20260306_123034
nemo_anc_l,nemo,mistralai/Mistral-Nemo-Instruct-2407,meta-llama/Meta-Llama-3-8B-Instruct,1.5,0.6,0.1,0.12,1.0,all,400,32,,16.0,12.0,3.0,-15.0,-13.0,-13.0,0.0,0.0,2.65,,,,,defender_v2_cka_20260308_204846,/home/wertheizer/advers_project/phase3/7b_defense_wildguard_outputs/defender_v2_cka_20260308_204846
nemo_nb_c,nemo,mistralai/Mistral-Nemo-Instruct-2407,Qwen1.5-7b,1.5,0.5,0.05,0.15,1.0,benign_only,200,32,,12.0,16.0,2.0,-19.0,-9.0,-14.0,0.0,0.0,2.63,,,,,defender_v2_cka_20260306_012741,/home/wertheizer/advers_project/phase3/7b_defense_wildguard_outputs/defender_v2_cka_20260306_012741
nemo_ab2_bn,nemo,mistralai/Mistral-Nemo-Instruct-2407,meta-llama/Meta-Llama-3-8B-Instruct,1.5,0.6,0.1,0.12,1.0,benign_only,200,32,,14.0,18.0,4.0,-17.0,-7.0,-12.0,0.0,1.1,2.59,7.6,32.8,6.31,,defender_v2_cka_20260307_151934,/home/wertheizer/advers_project/phase3/7b_defense_wildguard_outputs/defender_v2_cka_20260307_151934
nemo_ab_bn,nemo,mistralai/Mistral-Nemo-Instruct-2407,meta-llama/Meta-Llama-3-8B-Instruct,1.5,0.6,0.1,0.12,1.0,benign_only,200,32,,14.0,18.0,6.0,-17.0,-7.0,-10.0,0.0,1.1,2.59,6.4,30.8,6.48,,defender_v2_cka_20260306_231905,/home/wertheizer/advers_project/phase3/7b_defense_wildguard_outputs/defender_v2_cka_20260306_231905
nemo_nb_b,nemo,mistralai/Mistral-Nemo-Instruct-2407,Qwen1.5-7b,2.0,0.4,0.03,0.15,1.0,benign_only,200,32,,11.0,18.0,3.0,-20.0,-7.0,-13.0,0.0,0.0,2.57,,,,,defender_v2_cka_20260306_010536,/home/wertheizer/advers_project/phase3/7b_defense_wildguard_outputs/defender_v2_cka_20260306_010536
nemo_nx_b,nemo,mistralai/Mistral-Nemo-Instruct-2407,Qwen1.5-7b,1.5,0.8,0.1,0.08,1.0,all,200,32,,18.0,19.0,5.0,-13.0,-6.0,-11.0,0.0,0.0,2.71,,,,,defender_v2_cka_20260306_204538,/home/wertheizer/advers_project/phase3/7b_defense_wildguard_outputs/defender_v2_cka_20260306_204538
nemo_nx_d,nemo,mistralai/Mistral-Nemo-Instruct-2407,Qwen1.5-7b,1.0,0.8,0.12,0.08,1.0,all,200,32,,12.0,19.0,2.0,-19.0,-6.0,-14.0,0.0,0.0,2.68,,,,,defender_v2_cka_20260306_213000,/home/wertheizer/advers_project/phase3/7b_defense_wildguard_outputs/defender_v2_cka_20260306_213000
nemo_anc_v,nemo,mistralai/Mistral-Nemo-Instruct-2407,lmsys/vicuna-7b-v1.5,1.5,0.6,0.1,0.12,1.0,all,400,32,,20.0,4.0,6.0,-11.0,-21.0,-10.0,0.0,0.0,2.59,,,,,defender_v2_cka_20260308_215705,/home/wertheizer/advers_project/phase3/7b_defense_wildguard_outputs/defender_v2_cka_20260308_215705
nemo_nb_a,nemo,mistralai/Mistral-Nemo-Instruct-2407,Qwen1.5-7b,1.5,0.5,0.03,0.15,1.0,benign_only,200,32,,14.0,20.0,5.0,-17.0,-5.0,-11.0,0.0,0.0,2.62,,,,,defender_v2_cka_20260306_004327,/home/wertheizer/advers_project/phase3/7b_defense_wildguard_outputs/defender_v2_cka_20260306_004327
qwen7b_f4a,qwen,Qwen/Qwen1.5-7B-Chat,meta-llama/Meta-Llama-3-8B-Instruct,3.5,0.3,0.0,0.15,1.0,harmful_only,200,32,,0.0,0.0,0.0,-40.0,-4.0,-2.0,2.2,0.0,4.06,49.6,93.9,6.28,60.4,defender_v2_cka_20260304_160003,/home/wertheizer/advers_project/phase3/7b_defense_wildguard_outputs/defender_v2_cka_20260304_160003
qwen7b_f5e,qwen,Qwen/Qwen1.5-7B-Chat,meta-llama/Meta-Llama-3-8B-Instruct,3.3,0.35,0.03,0.15,1.0,harmful_only,250,32,,0.0,0.0,0.0,-40.0,-4.0,-2.0,2.2,0.0,5.47,25.6,77.4,6.0,60.6,defender_v2_cka_20260304_215328,/home/wertheizer/advers_project/phase3/7b_defense_wildguard_outputs/defender_v2_cka_20260304_215328
qwen7b_o6b,qwen,Qwen/Qwen1.5-7B-Chat,meta-llama/Meta-Llama-3-8B-Instruct,3.0,0.4,0.1,0.15,1.0,harmful_only,250,32,,0.0,0.0,0.0,-40.0,-4.0,-2.0,1.1,0.0,5.34,34.8,88.6,6.29,60.6,defender_v2_cka_20260305_135321,/home/wertheizer/advers_project/phase3/7b_defense_wildguard_outputs/defender_v2_cka_20260305_135321
qwen7b_o6c,qwen,Qwen/Qwen1.5-7B-Chat,meta-llama/Meta-Llama-3-8B-Instruct,3.0,0.4,0.1,0.15,1.0,harmful_only,250,32,,0.0,0.0,0.0,-40.0,-4.0,-2.0,1.1,0.0,5.34,84.8,88.2,6.36,60.5,defender_v2_cka_20260305_135321,/home/wertheizer/advers_project/phase3/7b_defense_wildguard_outputs/defender_v2_cka_20260305_135321
qwen7b_o6d,qwen,Qwen/Qwen1.5-7B-Chat,meta-llama/Meta-Llama-3-8B-Instruct,3.0,0.4,0.1,0.15,1.0,harmful_only,250,32,,0.0,0.0,0.0,-40.0,-4.0,-2.0,1.1,0.0,5.34,34.8,88.6,6.29,60.6,defender_v2_cka_20260305_135321,/home/wertheizer/advers_project/phase3/7b_defense_wildguard_outputs/defender_v2_cka_20260305_135321
qwen7b_o6e,qwen,Qwen/Qwen1.5-7B-Chat,meta-llama/Meta-Llama-3-8B-Instruct,3.0,0.4,0.1,0.15,1.0,harmful_only,250,32,,0.0,0.0,0.0,-40.0,-4.0,-2.0,1.1,0.0,5.34,34.8,88.6,6.29,60.6,defender_v2_cka_20260305_135321,/home/wertheizer/advers_project/phase3/7b_defense_wildguard_outputs/defender_v2_cka_20260305_135321
qwen7b_r1a,qwen,Qwen/Qwen1.5-7B-Chat,meta-llama/Meta-Llama-3-8B-Instruct,3.2,0.5,0.03,0.15,1.0,harmful_only,200,32,,0.0,0.0,0.0,-40.0,-4.0,-2.0,1.1,0.0,5.32,26.8,77.3,5.92,60.6,defender_v2_cka_20260304_100612,/home/wertheizer/advers_project/phase3/7b_defense_wildguard_outputs/defender_v2_cka_20260304_100612
qwen7b_cka_benign,qwen,Qwen/Qwen1.5-7B-Chat,meta-llama/Meta-Llama-3-8B-Instruct,3.2,0.5,0.03,0.15,1.0,benign_only,200,32,,0.0,1.0,1.0,-40.0,-3.0,-1.0,0.0,0.0,2.31,12.0,40.0,6.23,60.4,defender_v2_cka_20260304_114425,/home/wertheizer/advers_project/phase3/7b_defense_wildguard_outputs/defender_v2_cka_20260304_114425
qwen7b_f2a,qwen,Qwen/Qwen1.5-7B-Chat,meta-llama/Meta-Llama-3-8B-Instruct,3.0,0.4,0.0,0.15,1.0,harmful_only,200,32,,0.0,0.0,1.0,-40.0,-4.0,-1.0,2.2,0.0,4.1,21.2,69.6,6.19,,defender_v2_cka_20260304_130434,/home/wertheizer/advers_project/phase3/7b_defense_wildguard_outputs/defender_v2_cka_20260304_130434
qwen7b_f5b,qwen,Qwen/Qwen1.5-7B-Chat,meta-llama/Meta-Llama-3-8B-Instruct,3.0,0.4,0.03,0.15,1.0,harmful_only,200,32,,1.0,0.0,0.0,-39.0,-4.0,-2.0,1.1,1.1,7.41,24.0,74.1,5.64,60.6,defender_v2_cka_20260304_205241,/home/wertheizer/advers_project/phase3/7b_defense_wildguard_outputs/defender_v2_cka_20260304_205241
qwen7b_f5c,qwen,Qwen/Qwen1.5-7B-Chat,meta-llama/Meta-Llama-3-8B-Instruct,3.2,0.4,0.03,0.15,1.0,harmful_only,200,32,,2.0,1.0,0.0,-38.0,-3.0,-2.0,1.1,0.0,7.09,,,,,defender_v2_cka_20260304_211145,/home/wertheizer/advers_project/phase3/7b_defense_wildguard_outputs/defender_v2_cka_20260304_211145
qwen_ab_hn,qwen,Qwen/Qwen1.5-7B-Chat,meta-llama/Meta-Llama-3-8B-Instruct,3.2,0.5,0.03,0.15,1.0,harmful_only,200,32,,3.0,0.0,0.0,-37.0,-4.0,-2.0,1.1,0.0,2.37,53.6,94.2,6.51,,defender_v2_cka_20260306_160836,/home/wertheizer/advers_project/phase3/7b_defense_wildguard_outputs/defender_v2_cka_20260306_160836
qwen_ab2_hn,qwen,Qwen/Qwen1.5-7B-Chat,meta-llama/Meta-Llama-3-8B-Instruct,3.2,0.5,0.03,0.15,1.0,harmful_only,200,32,,5.0,0.0,0.0,-35.0,-4.0,-2.0,1.1,0.0,2.39,52.0,92.3,6.42,,defender_v2_cka_20260307_093519,/home/wertheizer/advers_project/phase3/7b_defense_wildguard_outputs/defender_v2_cka_20260307_093519
qwen7b_f3a,qwen,Qwen/Qwen1.5-7B-Chat,meta-llama/Meta-Llama-3-8B-Instruct,3.0,0.4,0.0,0.15,1.0,harmful_only,200,32,,6.0,1.0,1.0,-34.0,-3.0,-1.0,2.2,0.0,4.1,,,,,defender_v2_cka_20260304_142546,/home/wertheizer/advers_project/phase3/7b_defense_wildguard_outputs/defender_v2_cka_20260304_142546
qwen7b_f5a,qwen,Qwen/Qwen1.5-7B-Chat,meta-llama/Meta-Llama-3-8B-Instruct,3.0,0.4,0.0,0.15,1.0,harmful_only,200,32,,6.0,1.0,1.0,-34.0,-3.0,-1.0,2.2,0.0,4.1,,,,,defender_v2_cka_20260304_203006,/home/wertheizer/advers_project/phase3/7b_defense_wildguard_outputs/defender_v2_cka_20260304_203006
qwen7b_cka_all,qwen,Qwen/Qwen1.5-7B-Chat,meta-llama/Meta-Llama-3-8B-Instruct,3.2,0.5,0.03,0.15,1.0,all,200,32,,7.0,1.0,4.0,-33.0,-3.0,2.0,1.1,0.0,2.82,17.6,25.2,6.54,,defender_v2_cka_20260304_112501,/home/wertheizer/advers_project/phase3/7b_defense_wildguard_outputs/defender_v2_cka_20260304_112501
qwen7b_f5d,qwen,Qwen/Qwen1.5-7B-Chat,meta-llama/Meta-Llama-3-8B-Instruct,3.2,0.4,0.05,0.15,1.0,harmful_only,250,32,,7.0,0.0,0.0,-33.0,-4.0,-2.0,1.1,0.0,4.46,29.6,76.8,6.28,60.4,defender_v2_cka_20260304_213224,/home/wertheizer/advers_project/phase3/7b_defense_wildguard_outputs/defender_v2_cka_20260304_213224
qwen7b_o6a,qwen,Qwen/Qwen1.5-7B-Chat,meta-llama/Meta-Llama-3-8B-Instruct,3.3,0.35,0.08,0.15,1.0,harmful_only,250,32,,7.0,3.0,0.0,-33.0,-1.0,-2.0,2.2,0.0,3.06,,,,,defender_v2_cka_20260305_133352,/home/wertheizer/advers_project/phase3/7b_defense_wildguard_outputs/defender_v2_cka_20260305_133352
qwen_ab2_an,qwen,Qwen/Qwen1.5-7B-Chat,meta-llama/Meta-Llama-3-8B-Instruct,3.2,0.5,0.03,0.15,1.0,all,400,32,,10.0,5.0,4.0,-30.0,1.0,2.0,1.1,0.0,2.33,28.0,58.2,6.29,,defender_v2_cka_20260307_102911,/home/wertheizer/advers_project/phase3/7b_defense_wildguard_outputs/defender_v2_cka_20260307_102911
qwen_ab_hx,qwen,Qwen/Qwen1.5-7B-Chat,meta-llama/Meta-Llama-3-8B-Instruct,3.2,0.5,0.03,0.15,1.0,harmful_only,200,32,,10.0,0.0,0.0,-30.0,-4.0,-2.0,1.1,0.0,2.65,20.4,62.2,6.5,,defender_v2_cka_20260306_162415,/home/wertheizer/advers_project/phase3/7b_defense_wildguard_outputs/defender_v2_cka_20260306_162415
qwen_ab2_hx,qwen,Qwen/Qwen1.5-7B-Chat,meta-llama/Meta-Llama-3-8B-Instruct,3.2,0.5,0.03,0.15,1.0,harmful_only,200,32,,13.0,2.0,1.0,-27.0,-2.0,-1.0,1.1,0.0,2.67,19.6,59.0,6.45,,defender_v2_cka_20260307_094710,/home/wertheizer/advers_project/phase3/7b_defense_wildguard_outputs/defender_v2_cka_20260307_094710
qwen_ab2_ax,qwen,Qwen/Qwen1.5-7B-Chat,meta-llama/Meta-Llama-3-8B-Instruct,3.2,0.5,0.03,0.15,1.0,all,400,32,,18.0,1.0,1.0,-22.0,-3.0,-1.0,1.1,0.0,2.29,24.8,40.0,6.28,,defender_v2_cka_20260307_104447,/home/wertheizer/advers_project/phase3/7b_defense_wildguard_outputs/defender_v2_cka_20260307_104447
qwen14b_q14_e,qwen14b,Qwen/Qwen1.5-14B-Chat,Qwen/Qwen1.5-14B-Chat,3.2,0.5,0.03,0.15,1.0,harmful_only,200,32,,0.0,2.0,1.0,-3.0,1.0,-2.0,1.1,0.0,2.63,27.2,63.8,6.34,,defender_v2_cka_20260307_145044,/home/wertheizer/advers_project/phase3/7b_defense_wildguard_outputs/defender_v2_cka_20260307_145044
qwen14b_q14_a,qwen14b,Qwen/Qwen1.5-14B-Chat,Qwen/Qwen1.5-14B-Chat,3.2,0.5,0.03,0.15,1.0,all,400,32,,3.0,2.0,1.0,0.0,1.0,-2.0,2.2,0.0,2.82,36.8,68.4,6.28,,defender_v2_cka_20260307_132358,/home/wertheizer/advers_project/phase3/7b_defense_wildguard_outputs/defender_v2_cka_20260307_132358
qwen14b_q14_b,qwen14b,Qwen/Qwen1.5-14B-Chat,Qwen/Qwen1.5-14B-Chat,3.2,0.5,0.03,0.15,1.0,harmful_only,200,32,,1.0,3.0,1.0,-2.0,2.0,-2.0,1.1,0.0,2.59,26.0,63.1,6.34,,defender_v2_cka_20260307_134259,/home/wertheizer/advers_project/phase3/7b_defense_wildguard_outputs/defender_v2_cka_20260307_134259
qwen14b_q14_d,qwen14b,Qwen/Qwen1.5-14B-Chat,Qwen/Qwen1.5-14B-Chat,2.5,0.7,0.05,0.12,1.0,all,400,32,,1.0,4.0,1.0,-2.0,3.0,-2.0,2.2,0.0,2.82,34.0,65.4,6.32,,defender_v2_cka_20260307_143243,/home/wertheizer/advers_project/phase3/7b_defense_wildguard_outputs/defender_v2_cka_20260307_143243
qwen14b_q14_f,qwen14b,Qwen/Qwen1.5-14B-Chat,Qwen/Qwen1.5-14B-Chat,4.5,0.6,0.03,0.15,1.0,all,600,32,,4.0,2.0,1.0,1.0,1.0,-2.0,2.2,0.0,2.68,30.0,58.5,6.19,,defender_v2_cka_20260307_151944,/home/wertheizer/advers_project/phase3/7b_defense_wildguard_outputs/defender_v2_cka_20260307_151944
qwen14b_q14_c,qwen14b,Qwen/Qwen1.5-14B-Chat,Qwen/Qwen1.5-14B-Chat,4.0,0.5,0.03,0.15,1.0,all,400,32,,5.0,2.0,1.0,2.0,1.0,-2.0,2.2,0.0,2.82,30.4,58.3,6.38,,defender_v2_cka_20260307_140824,/home/wertheizer/advers_project/phase3/7b_defense_wildguard_outputs/defender_v2_cka_20260307_140824
starling7b_r2d,starling,Qwen/Qwen1.5-7B-Chat,Qwen/Qwen1.5-7B-Chat,3.0,0.4,0.1,0.15,1.0,harmful_only,250,32,,0.0,0.0,0.0,,,,4.4,0.0,7.07,,,,,defender_v2_cka_20260305_135321,/home/wertheizer/advers_project/phase3/7b_defense_wildguard_outputs/defender_v2_cka_20260305_135321
starling7b_r2a,starling,microsoft/Phi-3-medium-4k-instruct,mistral,3.0,0.3,0.05,0.15,1.0,harmful_only,250,32,,2.0,4.0,0.0,,,,3.3,0.0,4.19,,,,,defender_v2_cka_20260305_134919,/home/wertheizer/advers_project/phase3/7b_defense_wildguard_outputs/defender_v2_cka_20260305_134919
vicuna_ab2_an,vicuna,lmsys/vicuna-7b-v1.5,meta-llama/Meta-Llama-3-8B-Instruct,2.0,0.6,0.06,0.12,1.5,all,400,32,,0.0,0.0,0.0,-5.0,-5.0,-6.0,1.1,0.0,2.89,20.8,75.7,5.98,,defender_v2_cka_20260307_114431,/home/wertheizer/advers_project/phase3/7b_defense_wildguard_outputs/defender_v2_cka_20260307_114431
vicuna_self_ax,vicuna,lmsys/vicuna-7b-v1.5,SELF,2.0,0.6,0.06,0.12,1.5,all,400,32,,0.0,0.0,0.0,-5.0,-5.0,-6.0,1.1,0.0,3.01,,,,,defender_v2_cka_20260309_020908,/home/wertheizer/advers_project/phase3/7b_defense_wildguard_outputs/defender_v2_cka_20260309_020908
vicuna7b_f5b,vicuna,lmsys/vicuna-7b-v1.5,Qwen/Qwen1.5-7B-Chat,2.0,0.4,0.03,0.15,1.0,harmful_only,200,32,,0.0,0.0,1.0,-5.0,-5.0,-5.0,0.0,0.0,4.25,15.6,52.2,5.71,50.0,defender_v2_cka_20260305_001243,/home/wertheizer/advers_project/phase3/7b_defense_wildguard_outputs/defender_v2_cka_20260305_001243
vicuna7b_f5c,vicuna,lmsys/vicuna-7b-v1.5,Qwen/Qwen1.5-7B-Chat,3.0,0.4,0.03,0.15,1.0,harmful_only,200,32,,0.0,0.0,1.0,-5.0,-5.0,-5.0,0.0,0.0,2.91,18.8,62.5,5.81,50.0,defender_v2_cka_20260305_003059,/home/wertheizer/advers_project/phase3/7b_defense_wildguard_outputs/defender_v2_cka_20260305_003059
vicuna7b_f5d,vicuna,lmsys/vicuna-7b-v1.5,Qwen/Qwen1.5-7B-Chat,2.5,0.3,0.03,0.15,1.0,harmful_only,250,32,,0.0,0.0,1.0,-5.0,-5.0,-5.0,0.0,0.0,24.49,11.6,60.3,5.66,,defender_v2_cka_20260305_004939,/home/wertheizer/advers_project/phase3/7b_defense_wildguard_outputs/defender_v2_cka_20260305_004939
vicuna_ab2_ax,vicuna,lmsys/vicuna-7b-v1.5,meta-llama/Meta-Llama-3-8B-Instruct,2.0,0.6,0.06,0.12,1.5,all,400,32,,0.0,0.0,2.0,-5.0,-5.0,-4.0,1.1,0.0,3.74,11.6,58.2,5.92,,defender_v2_cka_20260307_115715,/home/wertheizer/advers_project/phase3/7b_defense_wildguard_outputs/defender_v2_cka_20260307_115715
vicuna_ab2_bn,vicuna,lmsys/vicuna-7b-v1.5,meta-llama/Meta-Llama-3-8B-Instruct,2.0,0.6,0.06,0.12,1.5,benign_only,200,32,,1.0,2.0,2.0,-4.0,-3.0,-4.0,0.0,0.0,3.05,11.2,55.6,5.78,,defender_v2_cka_20260307_111930,/home/wertheizer/advers_project/phase3/7b_defense_wildguard_outputs/defender_v2_cka_20260307_111930
vicuna_ab_bn,vicuna,lmsys/vicuna-7b-v1.5,meta-llama/Meta-Llama-3-8B-Instruct,2.0,0.6,0.06,0.12,1.5,benign_only,200,32,,1.0,2.0,2.0,-4.0,-3.0,-4.0,0.0,0.0,3.04,11.6,55.3,5.75,,defender_v2_cka_20260306_182055,/home/wertheizer/advers_project/phase3/7b_defense_wildguard_outputs/defender_v2_cka_20260306_182055
vicuna_anc_m,vicuna,lmsys/vicuna-7b-v1.5,mistralai/Mistral-7B-Instruct-v0.2,2.0,0.6,0.06,0.12,1.5,all,400,32,,1.0,2.0,2.0,-4.0,-3.0,-4.0,1.1,0.0,3.46,,,,,defender_v2_cka_20260308_111433,/home/wertheizer/advers_project/phase3/7b_defense_wildguard_outputs/defender_v2_cka_20260308_111433
vicuna_vb_e,vicuna,lmsys/vicuna-7b-v1.5,Qwen1.5-7b,2.0,0.6,0.06,0.12,1.5,benign_only,200,32,,1.0,2.0,2.0,-4.0,-3.0,-4.0,0.0,0.0,3.05,11.2,55.6,5.78,,defender_v2_cka_20260306_013320,/home/wertheizer/advers_project/phase3/7b_defense_wildguard_outputs/defender_v2_cka_20260306_013320
vicuna_vc_a,vicuna,lmsys/vicuna-7b-v1.5,Qwen1.5-7b,2.5,0.6,0.06,0.12,1.5,benign_only,200,32,,1.0,2.0,2.0,-4.0,-3.0,-4.0,0.0,0.0,3.18,11.2,55.9,5.79,,defender_v2_cka_20260306_135115,/home/wertheizer/advers_project/phase3/7b_defense_wildguard_outputs/defender_v2_cka_20260306_135115
vicuna_vc_b,vicuna,lmsys/vicuna-7b-v1.5,Qwen1.5-7b,2.0,0.7,0.06,0.08,1.5,benign_only,200,32,,1.0,2.0,2.0,-4.0,-3.0,-4.0,0.0,0.0,3.04,10.8,53.7,5.73,,defender_v2_cka_20260306_140208,/home/wertheizer/advers_project/phase3/7b_defense_wildguard_outputs/defender_v2_cka_20260306_140208
vicuna_ab2_hn,vicuna,lmsys/vicuna-7b-v1.5,meta-llama/Meta-Llama-3-8B-Instruct,2.0,0.6,0.06,0.12,1.5,harmful_only,200,32,,2.0,3.0,3.0,-3.0,-2.0,-3.0,0.0,0.0,3.18,14.4,58.8,5.88,,defender_v2_cka_20260307_105740,/home/wertheizer/advers_project/phase3/7b_defense_wildguard_outputs/defender_v2_cka_20260307_105740
vicuna_ab_an,vicuna,lmsys/vicuna-7b-v1.5,meta-llama/Meta-Llama-3-8B-Instruct,2.0,0.6,0.06,0.12,1.5,all,200,32,,1.0,0.0,3.0,-4.0,-5.0,-3.0,0.0,0.0,3.01,9.2,49.4,5.85,,defender_v2_cka_20260306_185018,/home/wertheizer/advers_project/phase3/7b_defense_wildguard_outputs/defender_v2_cka_20260306_185018
vicuna_ab_hn,vicuna,lmsys/vicuna-7b-v1.5,meta-llama/Meta-Llama-3-8B-Instruct,2.0,0.6,0.06,0.12,1.5,harmful_only,200,32,,3.0,2.0,3.0,-2.0,-3.0,-3.0,0.0,0.0,3.17,16.0,59.2,5.72,,defender_v2_cka_20260306_175131,/home/wertheizer/advers_project/phase3/7b_defense_wildguard_outputs/defender_v2_cka_20260306_175131
vicuna_q14_ax,vicuna,lmsys/vicuna-7b-v1.5,Qwen/Qwen1.5-14B-Chat,2.0,0.6,0.06,0.12,1.5,all,400,32,,1.0,1.0,3.0,-4.0,-4.0,-3.0,1.1,0.0,3.03,,,,,defender_v2_cka_20260309_025200,/home/wertheizer/advers_project/phase3/7b_defense_wildguard_outputs/defender_v2_cka_20260309_025200
vicuna_vb_a,vicuna,lmsys/vicuna-7b-v1.5,Qwen1.5-7b,2.0,0.4,0.03,0.15,1.0,benign_only,200,32,,1.0,2.0,3.0,-4.0,-3.0,-3.0,0.0,0.0,3.04,10.8,53.6,5.77,,defender_v2_cka_20260306_003125,/home/wertheizer/advers_project/phase3/7b_defense_wildguard_outputs/defender_v2_cka_20260306_003125
vicuna_anc_l,vicuna,lmsys/vicuna-7b-v1.5,meta-llama/Meta-Llama-3-8B-Instruct,2.0,0.6,0.06,0.12,1.5,all,400,32,,1.0,3.0,4.0,-4.0,-2.0,-2.0,1.1,0.0,3.68,,,,,defender_v2_cka_20260308_105456,/home/wertheizer/advers_project/phase3/7b_defense_wildguard_outputs/defender_v2_cka_20260308_105456
vicuna_q14_hx,vicuna,lmsys/vicuna-7b-v1.5,Qwen/Qwen1.5-14B-Chat,2.0,0.6,0.06,0.12,1.5,harmful_only,200,32,,3.0,3.0,4.0,-2.0,-2.0,-2.0,0.0,0.0,3.74,,,,,defender_v2_cka_20260309_031000,/home/wertheizer/advers_project/phase3/7b_defense_wildguard_outputs/defender_v2_cka_20260309_031000
vicuna_self_hx,vicuna,lmsys/vicuna-7b-v1.5,SELF,2.0,0.6,0.06,0.12,1.5,harmful_only,200,32,,3.0,3.0,4.0,-2.0,-2.0,-2.0,0.0,0.0,2.77,,,,,defender_v2_cka_20260309_022625,/home/wertheizer/advers_project/phase3/7b_defense_wildguard_outputs/defender_v2_cka_20260309_022625
vicuna_va_b,vicuna,lmsys/vicuna-7b-v1.5,Qwen1.5-7b,2.0,0.6,0.05,0.12,1.5,all,200,32,,2.0,4.0,4.0,-3.0,-1.0,-2.0,0.0,0.0,3.34,,,,,defender_v2_cka_20260306_010711,/home/wertheizer/advers_project/phase3/7b_defense_wildguard_outputs/defender_v2_cka_20260306_010711
vicuna_vb_d,vicuna,lmsys/vicuna-7b-v1.5,Qwen1.5-7b,2.5,0.5,0.03,0.15,1.0,benign_only,200,32,,1.0,2.0,4.0,-4.0,-3.0,-2.0,0.0,0.0,2.88,,,,,defender_v2_cka_20260306_011825,/home/wertheizer/advers_project/phase3/7b_defense_wildguard_outputs/defender_v2_cka_20260306_011825
vicuna_vc_c,vicuna,lmsys/vicuna-7b-v1.5,Qwen1.5-7b,2.0,0.5,0.05,0.1,1.0,all,200,32,,2.0,4.0,2.0,-3.0,-1.0,-4.0,0.0,0.0,3.3,,,,,defender_v2_cka_20260306_141258,/home/wertheizer/advers_project/phase3/7b_defense_wildguard_outputs/defender_v2_cka_20260306_141258
vicuna_vc_d,vicuna,lmsys/vicuna-7b-v1.5,meta-llama/Meta-Llama-3-8B-Instruct,2.0,0.6,0.06,0.12,1.5,benign_only,200,32,,1.0,4.0,3.0,-4.0,-1.0,-3.0,0.0,0.0,3.63,,,,,defender_v2_cka_20260306_142337,/home/wertheizer/advers_project/phase3/7b_defense_wildguard_outputs/defender_v2_cka_20260306_142337
vicuna_va_a,vicuna,lmsys/vicuna-7b-v1.5,Qwen1.5-7b,2.0,0.4,0.03,0.15,1.0,all,200,32,,2.0,5.0,3.0,-3.0,0.0,-3.0,0.0,0.0,4.18,,,,,defender_v2_cka_20260306_004842,/home/wertheizer/advers_project/phase3/7b_defense_wildguard_outputs/defender_v2_cka_20260306_004842
vicuna_vb_b,vicuna,lmsys/vicuna-7b-v1.5,Qwen1.5-7b,1.5,0.6,0.03,0.1,1.5,benign_only,200,32,,0.0,2.0,5.0,-5.0,-3.0,-1.0,0.0,0.0,3.07,,,,,defender_v2_cka_20260306_004620,/home/wertheizer/advers_project/phase3/7b_defense_wildguard_outputs/defender_v2_cka_20260306_004620
vicuna_vb_c,vicuna,lmsys/vicuna-7b-v1.5,Qwen1.5-7b,2.0,0.5,0.03,0.15,1.0,benign_only,200,32,,5.0,5.0,4.0,0.0,0.0,-2.0,0.0,0.0,3.25,,,,,defender_v2_cka_20260306_010149,/home/wertheizer/advers_project/phase3/7b_defense_wildguard_outputs/defender_v2_cka_20260306_010149
vicuna_vx_c,vicuna,lmsys/vicuna-7b-v1.5,Qwen1.5-7b,2.0,0.5,0.05,0.12,1.0,all,200,32,,3.0,5.0,4.0,-2.0,0.0,-2.0,1.1,0.0,3.74,10.4,31.8,5.9,,defender_v2_cka_20260306_172418,/home/wertheizer/advers_project/phase3/7b_defense_wildguard_outputs/defender_v2_cka_20260306_172418
vicuna7b_f5f,vicuna,lmsys/vicuna-7b-v1.5,Qwen1.5-7b,1.5,0.8,0.05,0.05,1.5,all,200,32,,2.0,4.0,6.0,-3.0,-1.0,0.0,0.0,0.0,3.0,,,,,defender_v2_cka_20260305_153438,/home/wertheizer/advers_project/phase3/7b_defense_wildguard_outputs/defender_v2_cka_20260305_153438
vicuna7b_f5g,vicuna,lmsys/vicuna-7b-v1.5,Qwen1.5-7b,1.0,0.6,0.03,0.08,1.0,all,200,32,,5.0,6.0,6.0,0.0,1.0,0.0,0.0,0.0,4.81,,,,,defender_v2_cka_20260305_155002,/home/wertheizer/advers_project/phase3/7b_defense_wildguard_outputs/defender_v2_cka_20260305_155002
vicuna_ab2_bx,vicuna,lmsys/vicuna-7b-v1.5,meta-llama/Meta-Llama-3-8B-Instruct,2.0,0.6,0.06,0.12,1.5,benign_only,200,32,,3.0,6.0,5.0,-2.0,1.0,-1.0,0.0,0.0,3.05,10.4,31.6,5.87,,defender_v2_cka_20260307_113018,/home/wertheizer/advers_project/phase3/7b_defense_wildguard_outputs/defender_v2_cka_20260307_113018
vicuna_ab_ax,vicuna,lmsys/vicuna-7b-v1.5,meta-llama/Meta-Llama-3-8B-Instruct,2.0,0.6,0.06,0.12,1.5,all,200,32,,5.0,5.0,6.0,0.0,0.0,0.0,0.0,0.0,3.73,10.0,32.9,5.75,,defender_v2_cka_20260306_190418,/home/wertheizer/advers_project/phase3/7b_defense_wildguard_outputs/defender_v2_cka_20260306_190418
vicuna_ab_bx,vicuna,lmsys/vicuna-7b-v1.5,meta-llama/Meta-Llama-3-8B-Instruct,2.0,0.6,0.06,0.12,1.5,benign_only,200,32,,3.0,6.0,6.0,-2.0,1.0,0.0,0.0,0.0,3.05,10.0,30.6,5.78,,defender_v2_cka_20260306_183522,/home/wertheizer/advers_project/phase3/7b_defense_wildguard_outputs/defender_v2_cka_20260306_183522
vicuna_vt_a,vicuna,lmsys/vicuna-7b-v1.5,Qwen1.5-7b,1.5,0.6,0.03,0.05,1.5,all,200,32,,4.0,6.0,6.0,-1.0,1.0,0.0,0.0,0.0,3.01,6.0,27.2,5.92,49.8,defender_v2_cka_20260305_220356,/home/wertheizer/advers_project/phase3/7b_defense_wildguard_outputs/defender_v2_cka_20260305_220356
vicuna_vx_a,vicuna,lmsys/vicuna-7b-v1.5,Qwen1.5-7b,2.0,0.6,0.06,0.12,1.5,benign_only,200,32,,3.0,6.0,6.0,-2.0,1.0,0.0,0.0,0.0,3.05,10.0,30.6,5.7,,defender_v2_cka_20260306_165438,/home/wertheizer/advers_project/phase3/7b_defense_wildguard_outputs/defender_v2_cka_20260306_165438
vicuna_vx_b,vicuna,lmsys/vicuna-7b-v1.5,Qwen1.5-7b,2.0,0.7,0.06,0.08,1.5,benign_only,200,32,,2.0,6.0,6.0,-3.0,1.0,0.0,0.0,0.0,2.63,10.8,32.4,5.86,,defender_v2_cka_20260306_170934,/home/wertheizer/advers_project/phase3/7b_defense_wildguard_outputs/defender_v2_cka_20260306_170934
vicuna_vx_d,vicuna,lmsys/vicuna-7b-v1.5,Qwen1.5-7b,2.0,0.6,0.1,0.12,1.5,benign_only,200,32,,3.0,6.0,4.0,-2.0,1.0,-2.0,0.0,0.0,3.74,9.2,31.2,5.88,,defender_v2_cka_20260306_173914,/home/wertheizer/advers_project/phase3/7b_defense_wildguard_outputs/defender_v2_cka_20260306_173914
vicuna7b_f5e,vicuna,lmsys/vicuna-7b-v1.5,Qwen/Qwen1.5-7B-Chat,1.2,0.7,0.03,0.08,1.0,all,200,32,,4.0,7.0,6.0,-1.0,2.0,0.0,0.0,0.0,3.0,,,,,defender_v2_cka_20260305_151831,/home/wertheizer/advers_project/phase3/7b_defense_wildguard_outputs/defender_v2_cka_20260305_151831
vicuna_ab2_hx,vicuna,lmsys/vicuna-7b-v1.5,meta-llama/Meta-Llama-3-8B-Instruct,2.0,0.6,0.06,0.12,1.5,harmful_only,200,32,,2.0,7.0,5.0,-3.0,2.0,-1.0,0.0,0.0,4.46,9.6,33.5,5.86,,defender_v2_cka_20260307_110829,/home/wertheizer/advers_project/phase3/7b_defense_wildguard_outputs/defender_v2_cka_20260307_110829
vicuna_ab_hx,vicuna,lmsys/vicuna-7b-v1.5,meta-llama/Meta-Llama-3-8B-Instruct,2.0,0.6,0.06,0.12,1.5,harmful_only,200,32,,3.0,7.0,5.0,-2.0,2.0,-1.0,0.0,0.0,3.74,10.0,33.1,5.79,,defender_v2_cka_20260306_180549,/home/wertheizer/advers_project/phase3/7b_defense_wildguard_outputs/defender_v2_cka_20260306_180549
vicuna_vt_c,vicuna,lmsys/vicuna-7b-v1.5,Qwen1.5-7b,1.5,0.6,0.03,0.05,1.5,all,200,32,,4.0,6.0,7.0,-1.0,1.0,1.0,0.0,0.0,4.52,6.8,28.2,5.78,,defender_v2_cka_20260305_223913,/home/wertheizer/advers_project/phase3/7b_defense_wildguard_outputs/defender_v2_cka_20260305_223913
vicuna7b_f5a,vicuna,lmsys/vicuna-7b-v1.5,Qwen/Qwen1.5-7B-Chat,2.0,0.4,0.0,0.15,1.0,harmful_only,200,32,,5.0,8.0,4.0,0.0,3.0,-2.0,0.0,0.0,3.23,,,,,defender_v2_cka_20260304_235218,/home/wertheizer/advers_project/phase3/7b_defense_wildguard_outputs/defender_v2_cka_20260304_235218
vicuna_mg_d,vicuna,lmsys/vicuna-7b-v1.5,Qwen1.5-7b,0.8,1.0,0.0,0.0,2.0,all,100,16,,5.0,7.0,8.0,0.0,2.0,2.0,0.0,0.0,2.66,10.0,27.1,5.76,,defender_v2_cka_20260305_192731,/home/wertheizer/advers_project/phase3/7b_defense_wildguard_outputs/defender_v2_cka_20260305_192731
vicuna_va_c,vicuna,lmsys/vicuna-7b-v1.5,Qwen1.5-7b,2.0,0.5,0.03,0.15,1.0,all,200,32,,5.0,7.0,8.0,0.0,2.0,2.0,0.0,0.0,4.23,,,,,defender_v2_cka_20260306_012518,/home/wertheizer/advers_project/phase3/7b_defense_wildguard_outputs/defender_v2_cka_20260306_012518
vicuna_mg_c,vicuna,lmsys/vicuna-7b-v1.5,Qwen1.5-7b,1.0,1.0,0.0,0.0,2.0,all,120,8,,6.0,8.0,9.0,1.0,3.0,3.0,0.0,0.0,3.2,6.8,23.5,5.74,49.9,defender_v2_cka_20260305_191100,/home/wertheizer/advers_project/phase3/7b_defense_wildguard_outputs/defender_v2_cka_20260305_191100
vicuna_vt_b,vicuna,lmsys/vicuna-7b-v1.5,Qwen1.5-7b,1.5,0.8,0.0,0.0,2.0,all,150,32,,6.0,10.0,8.0,1.0,5.0,2.0,0.0,0.0,4.59,,,,,defender_v2_cka_20260305_222020,/home/wertheizer/advers_project/phase3/7b_defense_wildguard_outputs/defender_v2_cka_20260305_222020
yi9b_d,yi9b,01-ai/Yi-1.5-9B-Chat,mistral,2.5,0.3,0.03,0.15,1.0,harmful_only,250,32,,0.0,0.0,0.0,-18.0,-22.0,-14.0,0.0,0.0,3.52,26.0,62.0,6.05,69.7,defender_v2_cka_20260305_013725,/home/wertheizer/advers_project/phase3/7b_defense_wildguard_outputs/defender_v2_cka_20260305_013725
yi9b_xs_d,yi9b,01-ai/Yi-1.5-9B-Chat,mistral,2.0,0.4,0.15,0.15,1.0,harmful_only,250,32,,0.0,0.0,0.0,-18.0,-22.0,-14.0,0.0,0.0,3.41,21.6,62.4,6.2,69.9,defender_v2_cka_20260305_130218,/home/wertheizer/advers_project/phase3/7b_defense_wildguard_outputs/defender_v2_cka_20260305_130218
yi9b_q14_an,yi9b,01-ai/Yi-1.5-9B-Chat,Qwen/Qwen1.5-14B-Chat,1.5,0.4,0.15,0.12,1.0,all,400,32,,0.0,1.0,1.0,-18.0,-21.0,-13.0,0.0,0.0,2.93,,,,,defender_v2_cka_20260309_062605,/home/wertheizer/advers_project/phase3/7b_defense_wildguard_outputs/defender_v2_cka_20260309_062605
yi9b_self_an,yi9b,01-ai/Yi-1.5-9B-Chat,SELF,1.5,0.4,0.15,0.12,1.0,all,400,32,,1.0,1.0,0.0,-17.0,-21.0,-14.0,1.1,0.0,2.36,,,,,defender_v2_cka_20260309_051811,/home/wertheizer/advers_project/phase3/7b_defense_wildguard_outputs/defender_v2_cka_20260309_051811
yi9b_yc_e,yi9b,01-ai/Yi-1.5-9B-Chat,Qwen1.5-7b,1.5,0.3,0.12,0.15,1.0,all,200,32,,2.0,2.0,0.0,-16.0,-20.0,-14.0,0.0,0.0,2.8,6.4,53.2,6.16,,defender_v2_cka_20260306_113022,/home/wertheizer/advers_project/phase3/7b_defense_wildguard_outputs/defender_v2_cka_20260306_113022
yi9b_yc_f,yi9b,01-ai/Yi-1.5-9B-Chat,mistralai/Mistral-7B-Instruct-v0.2,1.5,0.4,0.15,0.12,1.0,all,200,32,,2.0,2.0,0.0,-16.0,-20.0,-14.0,0.0,0.0,2.45,6.8,49.0,6.28,,defender_v2_cka_20260306_114429,/home/wertheizer/advers_project/phase3/7b_defense_wildguard_outputs/defender_v2_cka_20260306_114429
yi9b_ab2_an,yi9b,01-ai/Yi-1.5-9B-Chat,meta-llama/Meta-Llama-3-8B-Instruct,1.5,0.4,0.15,0.12,1.0,all,400,32,,2.0,3.0,0.0,-16.0,-19.0,-14.0,0.0,0.0,2.69,3.6,21.1,6.28,,defender_v2_cka_20260307_141547,/home/wertheizer/advers_project/phase3/7b_defense_wildguard_outputs/defender_v2_cka_20260307_141547
yi9b_ab_hn,yi9b,01-ai/Yi-1.5-9B-Chat,meta-llama/Meta-Llama-3-8B-Instruct,1.5,0.4,0.15,0.12,1.0,harmful_only,200,32,,1.0,3.0,0.0,-17.0,-19.0,-14.0,0.0,0.0,2.63,8.0,55.3,6.32,,defender_v2_cka_20260306_203422,/home/wertheizer/advers_project/phase3/7b_defense_wildguard_outputs/defender_v2_cka_20260306_203422
yi9b_xs_e,yi9b,01-ai/Yi-1.5-9B-Chat,mistral,2.5,0.3,0.1,0.15,1.0,harmful_only,200,32,,2.0,3.0,2.0,-16.0,-19.0,-12.0,0.0,0.0,2.83,11.6,56.2,6.07,,defender_v2_cka_20260305_132608,/home/wertheizer/advers_project/phase3/7b_defense_wildguard_outputs/defender_v2_cka_20260305_132608
yi9b_ya_a,yi9b,01-ai/Yi-6B-Chat,mistralai/Mistral-7B-Instruct-v0.2,1.5,0.3,0.12,0.15,1.0,all,200,32,,3.0,0.0,0.0,-15.0,-22.0,-14.0,0.0,0.0,2.34,3.6,20.6,6.36,,defender_v2_cka_20260306_021923,/home/wertheizer/advers_project/phase3/7b_defense_wildguard_outputs/defender_v2_cka_20260306_021923
yi9b_yc_c,yi9b,01-ai/Yi-1.5-9B-Chat,mistralai/Mistral-7B-Instruct-v0.2,1.5,0.3,0.12,0.1,1.0,all,200,32,,2.0,3.0,0.0,-16.0,-19.0,-14.0,0.0,1.1,2.42,7.6,51.9,6.17,,defender_v2_cka_20260306_110214,/home/wertheizer/advers_project/phase3/7b_defense_wildguard_outputs/defender_v2_cka_20260306_110214
yi9b_yc_b,yi9b,01-ai/Yi-1.5-9B-Chat,mistralai/Mistral-7B-Instruct-v0.2,1.8,0.35,0.1,0.15,1.0,all,200,32,,2.0,4.0,1.0,-16.0,-18.0,-13.0,0.0,1.1,2.43,6.8,48.1,6.41,,defender_v2_cka_20260306_104827,/home/wertheizer/advers_project/phase3/7b_defense_wildguard_outputs/defender_v2_cka_20260306_104827
yi9b_yc_d,yi9b,01-ai/Yi-1.5-9B-Chat,mistralai/Mistral-7B-Instruct-v0.2,1.5,0.5,0.12,0.15,1.0,all,200,32,,2.0,4.0,0.0,-16.0,-18.0,-14.0,0.0,0.0,2.87,9.6,52.1,6.17,,defender_v2_cka_20260306_111558,/home/wertheizer/advers_project/phase3/7b_defense_wildguard_outputs/defender_v2_cka_20260306_111558
yi9b_ab2_bn,yi9b,01-ai/Yi-1.5-9B-Chat,meta-llama/Meta-Llama-3-8B-Instruct,1.5,0.4,0.15,0.12,1.0,benign_only,200,32,,3.0,5.0,1.0,-15.0,-17.0,-13.0,0.0,0.0,2.74,6.8,44.7,6.21,,defender_v2_cka_20260307_133957,/home/wertheizer/advers_project/phase3/7b_defense_wildguard_outputs/defender_v2_cka_20260307_133957
yi9b_ab_an,yi9b,01-ai/Yi-1.5-9B-Chat,meta-llama/Meta-Llama-3-8B-Instruct,1.5,0.4,0.15,0.12,1.0,all,200,32,,3.0,5.0,0.0,-15.0,-17.0,-14.0,0.0,0.0,2.47,6.8,43.4,6.26,,defender_v2_cka_20260306_215953,/home/wertheizer/advers_project/phase3/7b_defense_wildguard_outputs/defender_v2_cka_20260306_215953
yi9b_ab2_hn,yi9b,01-ai/Yi-1.5-9B-Chat,meta-llama/Meta-Llama-3-8B-Instruct,1.5,0.4,0.15,0.12,1.0,harmful_only,200,32,,3.0,6.0,1.0,-15.0,-16.0,-13.0,0.0,0.0,2.82,6.0,45.8,6.31,,defender_v2_cka_20260307_130841,/home/wertheizer/advers_project/phase3/7b_defense_wildguard_outputs/defender_v2_cka_20260307_130841
yi9b_ab_bn,yi9b,01-ai/Yi-1.5-9B-Chat,meta-llama/Meta-Llama-3-8B-Instruct,1.5,0.4,0.15,0.12,1.0,benign_only,200,32,,2.0,6.0,0.0,-16.0,-16.0,-14.0,0.0,0.0,2.83,7.2,45.4,6.26,,defender_v2_cka_20260306_211623,/home/wertheizer/advers_project/phase3/7b_defense_wildguard_outputs/defender_v2_cka_20260306_211623
yi9b_yc_a,yi9b,01-ai/Yi-1.5-9B-Chat,mistralai/Mistral-7B-Instruct-v0.2,1.5,0.3,0.12,0.15,1.0,all,200,32,,2.0,6.0,1.0,-16.0,-16.0,-13.0,0.0,0.0,2.37,6.4,46.9,6.31,,defender_v2_cka_20260306_103341,/home/wertheizer/advers_project/phase3/7b_defense_wildguard_outputs/defender_v2_cka_20260306_103341
yi9b_ab2_ax,yi9b,01-ai/Yi-1.5-9B-Chat,meta-llama/Meta-Llama-3-8B-Instruct,1.5,0.4,0.15,0.12,1.0,all,400,32,,3.0,7.0,0.0,-15.0,-15.0,-14.0,0.0,0.0,2.6,1.6,22.8,6.26,,defender_v2_cka_20260307_143331,/home/wertheizer/advers_project/phase3/7b_defense_wildguard_outputs/defender_v2_cka_20260307_143331
yi9b_ab_ax,yi9b,01-ai/Yi-1.5-9B-Chat,meta-llama/Meta-Llama-3-8B-Instruct,1.5,0.4,0.15,0.12,1.0,all,200,32,,2.0,7.0,0.0,-16.0,-15.0,-14.0,1.1,0.0,3.15,2.8,30.7,6.11,,defender_v2_cka_20260306_221859,/home/wertheizer/advers_project/phase3/7b_defense_wildguard_outputs/defender_v2_cka_20260306_221859
yi9b_anc_q,yi9b,01-ai/Yi-1.5-9B-Chat,Qwen/Qwen1.5-7B-Chat,1.5,0.4,0.15,0.12,1.0,all,400,32,,2.0,7.0,0.0,-16.0,-15.0,-14.0,0.0,0.0,2.63,,,,,defender_v2_cka_20260308_121111,/home/wertheizer/advers_project/phase3/7b_defense_wildguard_outputs/defender_v2_cka_20260308_121111
yi9b_q14_ax,yi9b,01-ai/Yi-1.5-9B-Chat,Qwen/Qwen1.5-14B-Chat,1.5,0.4,0.15,0.12,1.0,all,400,32,,7.0,6.0,0.0,-11.0,-16.0,-14.0,0.0,0.0,2.91,,,,,defender_v2_cka_20260309_054833,/home/wertheizer/advers_project/phase3/7b_defense_wildguard_outputs/defender_v2_cka_20260309_054833
yi9b_self_ax,yi9b,01-ai/Yi-1.5-9B-Chat,SELF,1.5,0.4,0.15,0.12,1.0,all,400,32,,7.0,7.0,2.0,-11.0,-15.0,-12.0,1.1,0.0,3.16,,,,,defender_v2_cka_20260309_044250,/home/wertheizer/advers_project/phase3/7b_defense_wildguard_outputs/defender_v2_cka_20260309_044250
yi9b_yx_a,yi9b,01-ai/Yi-1.5-9B-Chat,mistralai/Mistral-7B-Instruct-v0.2,1.5,0.4,0.15,0.12,1.0,all,200,32,,2.0,7.0,0.0,-16.0,-15.0,-14.0,1.1,0.0,3.15,2.8,30.7,6.11,,defender_v2_cka_20260306_185949,/home/wertheizer/advers_project/phase3/7b_defense_wildguard_outputs/defender_v2_cka_20260306_185949
yi9b_anc_l,yi9b,01-ai/Yi-1.5-9B-Chat,meta-llama/Meta-Llama-3-8B-Instruct,1.5,0.4,0.15,0.12,1.0,all,400,32,,6.0,8.0,1.0,-12.0,-14.0,-13.0,0.0,0.0,3.33,,,,,defender_v2_cka_20260308_123913,/home/wertheizer/advers_project/phase3/7b_defense_wildguard_outputs/defender_v2_cka_20260308_123913
yi9b_anc_v,yi9b,01-ai/Yi-1.5-9B-Chat,lmsys/vicuna-7b-v1.5,1.5,0.4,0.15,0.12,1.0,all,400,32,,3.0,0.0,8.0,-15.0,-22.0,-6.0,0.0,0.0,3.01,,,,,defender_v2_cka_20260308_130624,/home/wertheizer/advers_project/phase3/7b_defense_wildguard_outputs/defender_v2_cka_20260308_130624
yi9b_yx_b,yi9b,01-ai/Yi-1.5-9B-Chat,Qwen1.5-7b,1.5,0.3,0.12,0.15,1.0,all,200,32,,6.0,8.0,3.0,-12.0,-14.0,-11.0,1.1,0.0,3.13,2.0,19.9,6.19,,defender_v2_cka_20260306_192055,/home/wertheizer/advers_project/phase3/7b_defense_wildguard_outputs/defender_v2_cka_20260306_192055
yi9b_c,yi9b,01-ai/Yi-1.5-9B-Chat,mistral,3.0,0.4,0.03,0.15,1.0,harmful_only,200,32,,4.0,9.0,1.0,-14.0,-13.0,-13.0,0.0,0.0,2.99,12.4,50.2,6.12,69.6,defender_v2_cka_20260305_011618,/home/wertheizer/advers_project/phase3/7b_defense_wildguard_outputs/defender_v2_cka_20260305_011618
yi9b_xs_b,yi9b,01-ai/Yi-1.5-9B-Chat,mistral,1.5,0.3,0.12,0.15,1.0,harmful_only,250,32,,3.0,10.0,0.0,-15.0,-12.0,-14.0,0.0,0.0,2.35,6.4,25.9,6.11,70.2,defender_v2_cka_20260305_115819,/home/wertheizer/advers_project/phase3/7b_defense_wildguard_outputs/defender_v2_cka_20260305_115819
yi9b_yx_c,yi9b,01-ai/Yi-1.5-9B-Chat,mistralai/Mistral-7B-Instruct-v0.2,1.5,0.6,0.15,0.12,1.0,all,200,32,,6.0,11.0,2.0,-12.0,-11.0,-12.0,1.1,0.0,3.57,2.0,23.7,6.21,,defender_v2_cka_20260306_194329,/home/wertheizer/advers_project/phase3/7b_defense_wildguard_outputs/defender_v2_cka_20260306_194329
yi9b_ab2_bx,yi9b,01-ai/Yi-1.5-9B-Chat,meta-llama/Meta-Llama-3-8B-Instruct,1.5,0.4,0.15,0.12,1.0,benign_only,200,32,,12.0,13.0,4.0,-6.0,-9.0,-10.0,0.0,0.0,2.69,2.4,20.8,6.24,,defender_v2_cka_20260307_135402,/home/wertheizer/advers_project/phase3/7b_defense_wildguard_outputs/defender_v2_cka_20260307_135402
yi9b_e,yi9b,01-ai/Yi-1.5-9B-Chat,mistral,3.0,0.3,0.05,0.15,1.0,harmful_only,250,32,,10.0,13.0,6.0,-8.0,-9.0,-8.0,1.1,0.0,2.29,8.0,15.2,6.1,69.9,defender_v2_cka_20260305_015705,/home/wertheizer/advers_project/phase3/7b_defense_wildguard_outputs/defender_v2_cka_20260305_015705
yi9b_mg_b,yi9b,01-ai/Yi-1.5-9B-Chat,mistralai/Mistral-7B-Instruct-v0.2,1.0,1.0,0.0,0.0,2.0,all,120,16,,13.0,12.0,7.0,-5.0,-10.0,-7.0,0.0,0.0,2.84,5.2,14.0,6.11,,defender_v2_cka_20260305_184601,/home/wertheizer/advers_project/phase3/7b_defense_wildguard_outputs/defender_v2_cka_20260305_184601
yi9b_xs_a,yi9b,01-ai/Yi-1.5-9B-Chat,mistral,1.5,0.3,0.08,0.15,1.0,harmful_only,200,32,,4.0,13.0,9.0,-14.0,-9.0,-5.0,0.0,0.0,3.13,,,,,defender_v2_cka_20260305_112956,/home/wertheizer/advers_project/phase3/7b_defense_wildguard_outputs/defender_v2_cka_20260305_112956
yi9b_ab_bx,yi9b,01-ai/Yi-1.5-9B-Chat,meta-llama/Meta-Llama-3-8B-Instruct,1.5,0.4,0.15,0.12,1.0,benign_only,200,32,,11.0,14.0,4.0,-7.0,-8.0,-10.0,0.0,0.0,2.93,2.4,19.1,6.39,,defender_v2_cka_20260306_213702,/home/wertheizer/advers_project/phase3/7b_defense_wildguard_outputs/defender_v2_cka_20260306_213702
yi9b_b,yi9b,01-ai/Yi-1.5-9B-Chat,mistral,2.0,0.4,0.03,0.15,1.0,harmful_only,200,32,,12.0,14.0,4.0,-6.0,-8.0,-10.0,0.0,0.0,2.64,,,,,defender_v2_cka_20260305_005414,/home/wertheizer/advers_project/phase3/7b_defense_wildguard_outputs/defender_v2_cka_20260305_005414
yi9b_ya_b,yi9b,01-ai/Yi-6B-Chat,mistralai/Mistral-7B-Instruct-v0.2,2.0,0.4,0.08,0.15,1.0,all,200,32,,14.0,4.0,1.0,-4.0,-18.0,-13.0,0.0,0.0,2.38,,,,,defender_v2_cka_20260306_024111,/home/wertheizer/advers_project/phase3/7b_defense_wildguard_outputs/defender_v2_cka_20260306_024111
yi9b_ab_hx,yi9b,01-ai/Yi-1.5-9B-Chat,meta-llama/Meta-Llama-3-8B-Instruct,1.5,0.4,0.15,0.12,1.0,harmful_only,200,32,,15.0,16.0,3.0,-3.0,-6.0,-11.0,0.0,0.0,2.76,2.8,14.6,6.22,,defender_v2_cka_20260306_205323,/home/wertheizer/advers_project/phase3/7b_defense_wildguard_outputs/defender_v2_cka_20260306_205323
yi9b_yx_d,yi9b,01-ai/Yi-1.5-9B-Chat,mistralai/Mistral-7B-Instruct-v0.2,1.5,0.5,0.12,0.08,1.0,all,200,32,,14.0,16.0,3.0,-4.0,-6.0,-11.0,1.1,0.0,3.58,,,,,defender_v2_cka_20260306_200455,/home/wertheizer/advers_project/phase3/7b_defense_wildguard_outputs/defender_v2_cka_20260306_200455
yi9b_ab2_hx,yi9b,01-ai/Yi-1.5-9B-Chat,meta-llama/Meta-Llama-3-8B-Instruct,1.5,0.4,0.15,0.12,1.0,harmful_only,200,32,,12.0,17.0,3.0,-6.0,-5.0,-11.0,0.0,0.0,3.32,2.8,15.7,6.33,,defender_v2_cka_20260307_132255,/home/wertheizer/advers_project/phase3/7b_defense_wildguard_outputs/defender_v2_cka_20260307_132255
yi9b_xs_c,yi9b,01-ai/Yi-1.5-9B-Chat,mistral,2.0,0.3,0.1,0.15,1.0,harmful_only,200,32,,9.0,17.0,9.0,-9.0,-5.0,-5.0,0.0,0.0,3.72,,,,,defender_v2_cka_20260305_122917,/home/wertheizer/advers_project/phase3/7b_defense_wildguard_outputs/defender_v2_cka_20260305_122917
