,0,1,2,3,4,5,6,7,8,9,10,11,12,13,14,15,16,17,18,19,20,21,22,23,24,25,26,27,28,29,30,31,32,33,34,35,36,37,38,39,40,41,42,43,44,45,46,47
0,0.04522095538857394,0.042238669599714326,0.05621542246787503,0.06617934651074008,0.08168190393969589,0.08324853383418199,0.08764123980342414,0.1075470943500438,0.10461716626866269,0.11436904677517301,0.12998273534579485,0.12446926165167702,0.12989768466368307,0.13115334717052451,0.1344392589121353,0.1274399537772379,0.12134127109330993,0.12151937477742698,0.11524611740096456,0.11529585909761109,0.10264499502986807,0.0934876440446393,0.09840041330018809,0.13482026320940574,0.1304878202546695,0.13368857791886804,0.13465003811748702,0.13178439913371284,0.13509864491478935,0.13323850657590627,0.13242179314371422,0.1257238516215488,0.11795298181307316,0.11952070098981822,0.113091218396147,0.11739740925155165,0.10708171272369137,0.10165368515738771,0.10122981471531446,0.10093585223360663,0.09839193312985309,0.09760943527506287,0.0988349869864855,0.09655424832843684,0.09206539403307905,0.0800593957120274,0.07610420422240449,0.06443800005337671
1,0.04478587772966199,0.04187301215246481,0.05566239898908343,0.06557087318403076,0.08091666843594605,0.08252449333044387,0.0868974011373374,0.10676265293349609,0.10401351673899781,0.11375902371555247,0.12922453363798814,0.12381306927711933,0.12925576600225294,0.13061309581772787,0.1339488655296059,0.12708643494262323,0.12105204101913791,0.12124756133915013,0.11489359415947654,0.11481707549184045,0.10220845156309538,0.09302259309940204,0.09784224300520347,0.1338128367056211,0.12956540525491878,0.1327612189241427,0.13378934560553943,0.13097816723900318,0.13430674330764353,0.1325599648893087,0.1318030903969246,0.1251099642718211,0.11734288276463438,0.11902214193712779,0.11261301302999621,0.11695501946158729,0.10674348197228944,0.10134662685865235,0.10092650758594202,0.10064764042311403,0.09812370561638946,0.09734598067836459,0.09852287129462638,0.09632744206888874,0.0918740808511262,0.0800280875223684,0.07611253980338187,0.06446433378561328
2,0.04462498163827363,0.041706215808670025,0.055457722763549384,0.06532845220997478,0.08064436306562003,0.0822425190005187,0.08660854401432838,0.10641160920639926,0.10363830547077366,0.11336932772302297,0.12878737028211332,0.12336737491075789,0.1288026223355404,0.1301420638664815,0.13344353316595522,0.12659215634974538,0.12057180564838446,0.12077192871853577,0.11444361051085598,0.11438630216895866,0.10185579745723938,0.0927250192727204,0.09754838087198311,0.13335832405949888,0.12911972922881476,0.13230450396230525,0.13331696900708634,0.1305048926146762,0.1338340338006254,0.1320783238628438,0.13132670257086326,0.12467168097817329,0.11695776902863493,0.11862634885945075,0.11224788717161083,0.11658376970595599,0.10640585157408554,0.10102563753382722,0.10060540205237853,0.10032828721616509,0.09782367898079088,0.09705602677851544,0.09824701988012317,0.09604182809291573,0.09157985582699019,0.07974583056387681,0.0758392365696664,0.06419728376659539
3,0.044524661512205584,0.04160451396858784,0.05532428514024951,0.06517235282922537,0.08046047461210895,0.08206237100789222,0.08642189858743624,0.10620147132637954,0.10343664895982795,0.1131662414270655,0.1285572466182968,0.12314663723794403,0.1285870787755614,0.12993504949907034,0.13323158259225854,0.12639581888114637,0.12038519767624446,0.12058109583208769,0.11425295213815372,0.11418485974355637,0.1016851570203304,0.09257086231047587,0.09738587296770292,0.13309162132378888,0.12886608162386884,0.13205195224362828,0.13306493565924038,0.13025817378254137,0.13359490640171479,0.13184655205745557,0.13110247906462982,0.12446380153328353,0.11676982037640725,0.11844229850075194,0.11208160805209656,0.11642070483356867,0.10626716088467922,0.10089812515523809,0.10047537228841937,0.10019945345338149,0.0976974970752087,0.0969344081442571,0.09812644346002672,0.09592440073917999,0.09145962811508851,0.07964457430978077,0.07574239594521386,0.06410154693302149
4,0.04440589764360977,0.04149928539785789,0.05519632915095684,0.06502782699057826,0.08029953077057636,0.0819085396790584,0.08627007477618778,0.10603870294809824,0.10328538191908672,0.11300476319576064,0.1283696041810892,0.12297351415940411,0.12841469542299072,0.12976844452629502,0.13306102469552353,0.126252233893171,0.12025521044039168,0.12045107612908384,0.11413271562800302,0.11405917197995655,0.1015855088396019,0.0924777257208877,0.09728136323679192,0.13290225724000349,0.1286913526535663,0.13187376944758886,0.13288855265436547,0.13008478617592611,0.13342489441139313,0.13168567018842317,0.13094583214889854,0.12432034380764762,0.11664620295236527,0.11832381854823597,0.11197537091157764,0.1163263161148793,0.10619112504078815,0.1008342188368195,0.10041231249541845,0.10014533698194115,0.09764900631548791,0.09688575334027627,0.09807399847613703,0.09587859804009159,0.09141120299699501,0.07961467409478741,0.07571342547340111,0.06406716517918398
5,0.044230293688198946,0.04135559109674712,0.05500923414114226,0.0648234417937728,0.08005480689256164,0.08167142726591778,0.0860368764726361,0.1057709027642528,0.10305080939027447,0.11274179200772441,0.1280501185510059,0.1226682703940979,0.12809716760825926,0.12946155219746167,0.13274228646925795,0.12597940529929583,0.12001158744968517,0.12021147186178822,0.11390070572960882,0.11381395763270424,0.10138378771124536,0.09228939967901319,0.09707220768501335,0.13254714662728584,0.1283582316179637,0.13153284018121048,0.13256038502327627,0.12976696287199804,0.13310236891617241,0.13138425556063543,0.13064464703081663,0.12402791019056736,0.11636961140767203,0.11805950631741194,0.11171537145840807,0.11606717139154515,0.105963092981485,0.10062254899044121,0.1002069766053466,0.0999502894915937,0.09746065374749305,0.09670363036259627,0.09788463374665836,0.09570646450939886,0.0912522334414822,0.07950180017245231,0.07561800729180579,0.06399809321000192
6,0.044166932786107824,0.041314957919000854,0.05493558635580007,0.06473674751051008,0.07994029138061513,0.08156780592816304,0.08593156315121056,0.10565319975013591,0.1029682403790079,0.11265050462486606,0.12793549641732058,0.12257959986192582,0.12800839068225248,0.12939968189208567,0.13268814204583038,0.12595386345823406,0.11999603631245824,0.12019484164201694,0.11387770040892942,0.11376712286686572,0.10135756521294362,0.09225879832108408,0.0970189069460123,0.13240275139891391,0.12823651042714343,0.13141557022249406,0.13245121938403312,0.12967052863026873,0.13300779708818378,0.1313043693622187,0.13057382127330053,0.1239698854415877,0.11632489334211875,0.1180262460573348,0.11169334995848253,0.1160562643514949,0.1059737290823033,0.10064592355375503,0.10022837510677957,0.09998168684931567,0.09749841290224763,0.09674181739851648,0.09792204412340327,0.09575931109437476,0.09131016863429332,0.07958478583268537,0.07570284606739561,0.06407032052884541
7,0.0440486907810078,0.04122524931526987,0.05481580157174574,0.06460507740597153,0.07978911054297218,0.08142716557614765,0.08579758948698828,0.10550193978958221,0.10284232394111222,0.11250366911003405,0.12776065931463826,0.12241593390458543,0.12783530785109765,0.12924000790781318,0.13251907934860835,0.1258191304160954,0.11987552739624098,0.12007306514484578,0.1137661327695985,0.1136491370985625,0.10127995924788648,0.0921933945648231,0.09693473405263771,0.13220773865757235,0.1280584675248965,0.13123699937676217,0.1322799960266071,0.12950736701190207,0.13284601945199345,0.13115059671694496,0.1304191792074677,0.12382924239305677,0.1162034593151293,0.11790378883409582,0.11157549303638715,0.1159460764870924,0.10588442908082835,0.1005673587304684,0.1001523396586227,0.09991771623946585,0.09744143393505698,0.09668667996568073,0.09786711640195586,0.09571520689089667,0.09127509284316536,0.07957881530017115,0.07570163561061706,0.06407567874568684
8,0.04391618713139619,0.04112150764403571,0.05467267729220859,0.06444605874515072,0.07959717915376655,0.08124430525743681,0.08561285916151869,0.10527651330380741,0.10264251376640753,0.11228174821438404,0.12748593687406928,0.12215029771272617,0.12755295472663586,0.12896245168472428,0.13223271410216783,0.12556733725038652,0.11964487322914585,0.11984713860468954,0.11355426591856414,0.11342892137976973,0.10108407598116,0.09200565965041842,0.09672882536678488,0.13189451856075962,0.12776447277800082,0.1309338933830501,0.13198425491577043,0.12921947353249452,0.13254698859497133,0.13086947609864086,0.13013399303597226,0.12355530804337612,0.1159426984195027,0.11765123815598784,0.11133162937596518,0.11569742331996626,0.10566462095495072,0.1003599606078976,0.099949581550489,0.09971919467732224,0.09725229332489706,0.09650406395037747,0.0976804586016906,0.09554329791869352,0.09112020737498328,0.0794699540636844,0.07561388814083625,0.06402075692609013
9,0.04384049399443902,0.04106263215817462,0.05457719733784512,0.0643389532782141,0.07945712318845567,0.08111160717740139,0.08547498386243374,0.1051203444525326,0.10251758370027936,0.11214781764817008,0.12731632760506514,0.12200336200398047,0.12740298932011165,0.12882951982950436,0.13210461282978844,0.12546750436108742,0.11955799625236661,0.11976114174660744,0.11346457504831767,0.11331701619583645,0.10098747554098603,0.09190884378921071,0.0966116208573835,0.1316961419709893,0.12758297082111328,0.1307533989071928,0.13180994265244664,0.12905794236454243,0.1323849398962023,0.13072081548854544,0.1299922935030316,0.12342696367763453,0.11583230570673841,0.11754310509777267,0.11123456803899967,0.11559881622710713,0.1055895118230054,0.1002958164183378,0.09988474808217403,0.09965792981572356,0.09719884062662872,0.09645191289230169,0.097626082578113,0.0955018015394001,0.09108572851038677,0.07946025461820322,0.07560968362831798,0.0640133715125004
10,0.04380939451475502,0.04104296357986908,0.05451815330491215,0.06426145247075675,0.0793458258884795,0.08101983796355737,0.08538207976022805,0.10500856174162228,0.10243445069809819,0.11207393369447438,0.12721630666743572,0.12193482037098788,0.12734547430025597,0.12879439017012695,0.1320804525363247,0.1254670039945715,0.11956749157282527,0.11975877001000704,0.11346035037609667,0.11328700809985294,0.10099241630787809,0.09192345967818912,0.0966065862995683,0.13159595251588593,0.12750524560551885,0.13068858655234245,0.13174889089697153,0.12900852010312167,0.13234888076475335,0.13068618771482435,0.1299707332540311,0.12342787632498899,0.11586390634102373,0.11756992321333919,0.1112846170038045,0.11565535115044094,0.105671989582618,0.10039155280493989,0.0999714600464678,0.09975176713194689,0.09730110316936755,0.09656000164801543,0.09774473123009769,0.09562899172911832,0.09120883470972833,0.07959177061950524,0.07574012951372716,0.06410035413498791
11,0.04371821800838873,0.04098112432265384,0.0544356967313327,0.06417062852271542,0.07923213617879087,0.08091644431992391,0.0852818419170677,0.10488728150437202,0.10233505917881336,0.11195733069500162,0.12706324156539908,0.1217910852026365,0.1271929298746509,0.1286485275784295,0.13192565441545825,0.12534107542450382,0.11945764476547392,0.11964893243720078,0.11336247403851975,0.11318114962904557,0.10090937903544836,0.09184666134818056,0.0965146505164717,0.1314244176741494,0.12734915258773238,0.1305282402985299,0.13159129228292707,0.12885864555435142,0.1321961778447421,0.1305420451938969,0.129824060837579,0.12329125429699715,0.11574111857096168,0.11744916776078575,0.11117013436516922,0.11554229405731342,0.10557984276366106,0.1003113555343586,0.09989284277661356,0.09967873943824776,0.09723064480736289,0.09649436651286128,0.0976773969328623,0.09557279706695525,0.0911636677225881,0.07957545964445974,0.07573330860910131,0.06409676758658628
12,0.04365971632930726,0.0409434978968559,0.05437202997653302,0.06410032171364692,0.07914339699834848,0.0808375184885526,0.08520193474652131,0.10478895651109968,0.1022583994228111,0.111865084642155,0.12693908637531628,0.12167805474748701,0.12707492521182626,0.12853989343238256,0.13181766911779133,0.12525266607794433,0.11937913033945716,0.11957150266029713,0.11329396179142673,0.11310744515488143,0.10085929934506488,0.09180399242048204,0.0964563760800255,0.1313023133951694,0.12724376213401703,0.1304211805691653,0.13148484191577256,0.12876101400497802,0.1320993740371385,0.1304478608535941,0.12972718724886512,0.123204770786767,0.1156652345383145,0.11737188240315836,0.11110120198210992,0.11547021151865457,0.10552623326174347,0.10026672360829726,0.09984765952772262,0.09963575862219147,0.09719227941562134,0.09645922628669772,0.09764314059719446,0.09554691330952896,0.09114875606046821,0.07958256276147913,0.07575080715823124,0.06411504373079994
13,0.043582028321322464,0.04088694095371512,0.0542913606227214,0.06401298091020474,0.07903396719247417,0.08074450774176525,0.08511418885908968,0.10469307156151746,0.10219073303506981,0.11178686380401642,0.12683062037227663,0.12158907163337751,0.12698210513145372,0.12845885226212117,0.13174218503690024,0.12520168777347826,0.11934242607146585,0.11953454755416144,0.11326333941588967,0.11306591722521356,0.10082490982118164,0.09176803197242951,0.0964048625241702,0.13120388730953347,0.1271618068505714,0.13033425285303646,0.13140476170996584,0.12868715570881972,0.13202611525902605,0.13038084880172188,0.12965911363986402,0.123137681601536,0.11559506935517713,0.11731361800069058,0.11104561805073823,0.11542171845780787,0.10549104737070009,0.1002380970931798,0.09981862425029239,0.0996107918685637,0.09716740523650193,0.09643364040145204,0.09761227043512176,0.09552801524802941,0.09113910531645834,0.07959829068916953,0.07577106113420495,0.06415208260904014
14,0.04351537722551884,0.04083961285501847,0.05422122306869104,0.06393310432319592,0.07892848682440856,0.08064553699506452,0.08501339205765579,0.10457073151679264,0.10208532393151797,0.1116716706871012,0.12667793016437676,0.12144311126332767,0.12683169218274964,0.1283143839550841,0.13158724167519237,0.1250686243055074,0.1192260759680169,0.11941769538699885,0.11315030722267128,0.11294592244623912,0.10073416019264568,0.09168885435964641,0.09631113251829067,0.13102581708688976,0.1269951688595668,0.13016510882734036,0.13124147142781947,0.12853106613316506,0.13186786884480015,0.1302309084539782,0.12950792484145215,0.12299681761178742,0.11546146183816733,0.11718272047636366,0.11091669540463568,0.1152887501249618,0.10537530142231025,0.10013100105950244,0.09971010746099081,0.09950459965626837,0.097061484862116,0.09633056584306164,0.0975036874633986,0.09543041368855842,0.09105464843805672,0.07954605877112718,0.07572677242377444,0.06412237104268434
15,0.04343235052010768,0.04077989774627664,0.05411162690603596,0.06380527686551121,0.07875200231387972,0.08048760745287789,0.08485399933094663,0.1043923632558494,0.10194458521557948,0.11152351985362839,0.12648643557230174,0.12128185470564481,0.12667001206333448,0.128174436837206,0.13145650916019577,0.12497480081078248,0.11914722876909137,0.11933625453107555,0.11306735329074927,0.11283221274038059,0.10063181176156744,0.09158186636122,0.09617957530122093,0.13079722732514226,0.1267910228447886,0.12996173599338628,0.1310503289186787,0.12835445323622982,0.13169242900984932,0.1300717986215363,0.12935675161165405,0.12286056749291696,0.11534095993365633,0.11707285707119204,0.11082019715764313,0.11519662817909399,0.10531494176252915,0.10008537805717639,0.09966524732040784,0.0994684409133811,0.09703370027607493,0.0963021365906721,0.0974734089314119,0.0954174530148634,0.09105013613565321,0.07957805990797595,0.07576844030228842,0.06415492957777992
16,0.04335362266394583,0.04072085115732558,0.05400667739454056,0.06368047278989811,0.07858785402077391,0.08033720385418915,0.08469423390924292,0.10421689485848523,0.10181880147968567,0.11139160609982127,0.1263264961344465,0.12115897263717143,0.12654410706686856,0.12807874501096014,0.13137584240263117,0.12493332376812566,0.11911990334095963,0.11930260020236902,0.11302002712596458,0.11274625836807518,0.10055598295945724,0.09149119445350773,0.09605577577254677,0.13056967171267553,0.12658840060213025,0.12976220352828083,0.13086363993564934,0.12818448963192053,0.13151737079575165,0.12992095118848335,0.1292200594554735,0.12273934375921348,0.11522720478834543,0.11697701092134125,0.11073427621094972,0.11511743183431514,0.10526401928809022,0.10005102924422607,0.09962903297102116,0.09944409658338396,0.09701541077580626,0.09627926128059519,0.09744212267583328,0.09541255379367991,0.09105997369266328,0.07963149625843026,0.07582384137497163,0.06421004915362431
17,0.04314177391207139,0.0405641938122069,0.053767639456262575,0.06341252489292355,0.07824680021770496,0.08001160300354498,0.08436151504769172,0.10382995277704755,0.10150092185582324,0.1110319579788893,0.12588474185164913,0.1207633381117873,0.12612819252599444,0.12769003348261013,0.13098575620334116,0.12461566490862744,0.11883697637039273,0.11902332585123938,0.11274601072210835,0.11243503293022009,0.10029581350142325,0.09123993756623643,0.0957577815512192,0.13005870986038853,0.12612258509151422,0.1292899492551193,0.13040922187427134,0.12775267322092054,0.13107839451729972,0.1295107120142957,0.12881731804987642,0.12236510235495071,0.11488973137637509,0.11665044325196786,0.1104346719966171,0.114816251409836,0.105022039480706,0.0998390708238262,0.0994218371419667,0.09925418564794865,0.09684799426448616,0.0961160863292462,0.0972771002194704,0.09527823225029773,0.09094696667377895,0.07959477134763758,0.0758088043122941,0.06421708449745749
18,0.04306480921755845,0.040519891658011835,0.053650916662804,0.06325936809323447,0.07803153941261042,0.07982223697711531,0.08416504521218246,0.10358410321286922,0.10130850812464878,0.11083898520574238,0.1256359203609739,0.12056721069178053,0.12594175237177643,0.12754532170483893,0.1308463815747844,0.12452209212114397,0.11876451935541105,0.11892899354753705,0.11265078014512361,0.1122952075125673,0.10022200274280343,0.0911784073926059,0.09564550579656647,0.1297687303303935,0.1258731233443909,0.12905651946869184,0.1301807044906594,0.12755033475661007,0.13089259031138378,0.12933577236862007,0.12866208626539444,0.12225170271498575,0.11481016391510798,0.1165750128399592,0.11039786274080551,0.1147947093132061,0.10504639915835165,0.09989032476823802,0.09946038403598359,0.09931112992898987,0.09691770942021674,0.09618948096286944,0.09735953854825476,0.09538542715630995,0.09106734714339786,0.07975743392839837,0.07597180565397797,0.06433986621240444
19,0.04294232240441818,0.040429590999883566,0.053476168134568354,0.06304711576190619,0.07775021800693079,0.0795611312190547,0.0838882994111285,0.10325881931114905,0.10104205243066756,0.11056711257272878,0.1253059193468942,0.12028406689598047,0.12565282403791733,0.1272921323845523,0.13059787644698256,0.12432725257657982,0.11860139948914278,0.11875328311295277,0.11247970275383938,0.11207931699939326,0.10004441621155502,0.09099923685861394,0.09541568977636646,0.12936883016605427,0.1255110689220015,0.1286985821800067,0.1298344664481101,0.12722555257883478,0.13056287925675428,0.12902834935170115,0.12836582250174958,0.12199257595258736,0.11458133456102261,0.11634944781834879,0.11020302934572784,0.11459870446085076,0.1049045476626258,0.09977251629766687,0.09933427251515856,0.0992022664493445,0.09682682674484894,0.0961004395612179,0.0972737655251585,0.09532544742279854,0.09102336233441607,0.07976948091077408,0.07598901902865855,0.06437075160029551
20,0.04275555418474836,0.040303136341065235,0.053267744283144076,0.06280452712971242,0.07743865506931213,0.07928221285690908,0.08360274810767164,0.10291538017948966,0.10077218004045663,0.11026314625681029,0.12492116179998983,0.11995063924043711,0.12529867118198804,0.1269730083610694,0.13027027901354582,0.12407496915078779,0.11838890608694826,0.11853284007711516,0.11228267039160886,0.11184648106946378,0.09989168084409203,0.09086218665410427,0.09521883199428939,0.12894028144618971,0.12513585789215192,0.12832547247711795,0.12946678088145594,0.12688255148081273,0.13021341058465008,0.12869706990992252,0.1280348862580292,0.12171178695855138,0.114357427979631,0.1161205625516978,0.11001213091101579,0.11441335733104313,0.10478387210904683,0.09968885716383613,0.09924744308510797,0.09913734162760074,0.09678373150583704,0.09606318565823552,0.09723941329140516,0.09532332957487419,0.09104663118590382,0.07986979254269819,0.07610855779238247,0.06449857102322697
21,0.04266651208333945,0.040277929736124804,0.05320360339233005,0.06273592038658135,0.07732681756479542,0.07920116084679331,0.08352395903921589,0.10280504230075208,0.10071510359442767,0.11017208986208077,0.12476078529357162,0.11980787846902555,0.12512703694137836,0.12681420190384102,0.1300924354202214,0.12395950332340663,0.11831300897776896,0.11846550584483194,0.11224180169469007,0.11178831020240275,0.0998396812691033,0.09079721963106206,0.09511962334494932,0.1287634435465016,0.12499010783390897,0.1281716908744064,0.12932130075072437,0.12674297868055812,0.13004953284557638,0.12855131541483558,0.1278723060835897,0.1215635782963803,0.11422709410163316,0.1160013752708428,0.10990193265043169,0.11430126344095508,0.10470944332300489,0.09962866172168529,0.0991976005603514,0.099098807003481,0.09675583203753574,0.0960378576013613,0.09720823825934635,0.09531787322074499,0.09107340882848901,0.0799618542560942,0.07623530578358748,0.06468297956587332
22,0.04286346319678129,0.040466340371108044,0.05343162037303402,0.06300383572898181,0.07762970516315419,0.07949895210406041,0.08381593189059791,0.10316487878715049,0.10108420017890173,0.11056157743739882,0.12519712628799398,0.1202315150726359,0.1255489566111389,0.12723535161709437,0.1305450922495172,0.1243975869781256,0.1187234423868033,0.11889435234399726,0.11263577213795642,0.11216820482029188,0.10012050717473754,0.09101564488966389,0.09534793382857198,0.12916370326778603,0.12536957392457124,0.1285498255476887,0.12971376413934438,0.12712448364266707,0.1304067741053563,0.12892028694318525,0.12824196886274844,0.1218977442178894,0.11450951467224298,0.1163078530201189,0.11017556148164348,0.11456659459497737,0.10494093866145862,0.09983270240192249,0.09941093809476141,0.09930067394448089,0.09695652807739684,0.09622499795892162,0.09738105960348788,0.09549353345699313,0.09126255058281507,0.08014824561355663,0.07642672692637958,0.06492326249695728
23,0.043150421217272014,0.04075155428528548,0.0537656553154713,0.06339996984990054,0.07807027167260042,0.07994442346763499,0.08425766665835754,0.10369617672478766,0.10163671033701906,0.11113242698298798,0.12582502445263136,0.12085103451682647,0.12615550089246327,0.12783683590431266,0.1311839593196994,0.12502281293665718,0.11932808794966229,0.1195166672496851,0.11321935191456067,0.11273300808424008,0.10053226639241565,0.09132378826555852,0.09566191610159194,0.1297313659886745,0.12591442916123322,0.1290871439398888,0.1302672375703138,0.1276646672914522,0.1309136171425606,0.1294509001236055,0.12876736959932203,0.1223803282890744,0.11491578998907138,0.1167436727257918,0.11056221465954108,0.1149426841228578,0.10527998608979762,0.10014317952925424,0.0997309354499878,0.09960974825924988,0.09725807479093322,0.0965083206102426,0.09763855687235214,0.09576834407361716,0.09156766221471051,0.08046076686672968,0.07675617796082179,0.06532642369841081
24,0.04351704351172225,0.041099907830592114,0.05424461437168857,0.06396207407765724,0.07874202247620674,0.08062032901188969,0.08495375727308123,0.10451361714824471,0.10243001003010332,0.11195412604871575,0.12674272339371295,0.12172510469923165,0.12703051546868277,0.12868264463303924,0.13204605434059286,0.12583436761391606,0.12011161081828084,0.12031348038220505,0.11399556852062359,0.113533867871744,0.10115436024127089,0.09184040047198348,0.09621570050846641,0.13069139987192252,0.1268227397894082,0.12998335601267413,0.1311585350521206,0.12852630256060615,0.13175177401135968,0.1302929541439945,0.12959022187201122,0.12313536543375436,0.1155639915883991,0.11741682742828946,0.11117375482795619,0.11556354441355707,0.10582410331134268,0.10064227642295424,0.10024069403761224,0.1001006961557334,0.09772500236613778,0.09695263016321741,0.09806425572700686,0.09618789892540755,0.09200169993167964,0.08085128344362741,0.07715347688276891,0.06577777308469553
25,0.04425134323328155,0.04178658657849691,0.05514111282254117,0.0649775774405866,0.07997367829092904,0.08186187200260439,0.08623271453827958,0.10599381662378657,0.10379104148852471,0.11343684499064235,0.12844288899884646,0.12334221428466459,0.12870066659992224,0.13031462201296196,0.13370903117646868,0.12736545670248306,0.12156247834292012,0.12176014865701565,0.11544920027202779,0.11504765511466357,0.10253898321347579,0.09315812719996537,0.0976225507505589,0.1326711660053025,0.12874335726545716,0.13194082666696016,0.13307050110999377,0.1303770849337856,0.1336551383880627,0.1321006971019239,0.13136893155456467,0.12488096949322505,0.11725902311499219,0.1190517682313149,0.11279250560409296,0.11719483378825292,0.10734436753348012,0.10210108022944792,0.10167708304294894,0.10151400806803085,0.09912742594287358,0.09835574229192465,0.09953148401829848,0.09759170935764978,0.09334712004284212,0.08201087276184027,0.07826778218024132,0.0667905319439404
26,0.04532036807046832,0.04268915583424135,0.05645103366921724,0.06648269663953753,0.08183428647209388,0.0836491198510687,0.08805453868365909,0.1080708306571277,0.10564325897402302,0.11541346930625307,0.1307709964487208,0.12550815103049168,0.1309362583841615,0.13241217843118142,0.13587130136214312,0.12923772154767366,0.1233008251833016,0.12348153599814415,0.11714930153154075,0.11691366023554925,0.10405725638982646,0.09451006046997491,0.09913546000143782,0.1352747059730309,0.13111548995378,0.13431103556118157,0.13536843789439407,0.13258442296899478,0.1358631126866979,0.134241845243105,0.1334940473838682,0.12684050321459456,0.11895610206430296,0.12073637425969265,0.11430086768960546,0.11870181748735574,0.1086147284004693,0.1032382512617987,0.1028193741338077,0.102587369996689,0.10011404877822362,0.09929345661087699,0.10045653664848156,0.09843095620217161,0.09415973066691773,0.08260871686127741,0.07878973362387541,0.06738265025624339
27,0.044875410765361945,0.04300074784116205,0.05708122041240199,0.06710841812454267,0.08285652317198927,0.08467004784760233,0.08877188530540427,0.10733262992546197,0.10485535536314941,0.1133720289892583,0.12765242106136826,0.12190444835168246,0.12675803799000657,0.12782620386646618,0.1304996056900433,0.12395116424044506,0.11827763290785633,0.11818728724915441,0.11251278337626085,0.11302238808078865,0.09930462032754402,0.0892773266478355,0.0932729202183139,0.12973135365985874,0.12503579269029447,0.1278285187571129,0.12828376599918115,0.12563935800997716,0.12834141193708887,0.12735084668728466,0.12630915101796117,0.11941665691807607,0.10978666794052341,0.11216504340230764,0.10484888211003186,0.10890793473975126,0.09877038718874474,0.09320026864208922,0.09299893258357018,0.09230440275607811,0.08917367835819269,0.08806702433510348,0.08874166259905854,0.0872954202996452,0.0844924800058847,0.07435599566119559,0.07113355021350279,0.06315050614387092
