,0,1,2,3,4,5,6,7,8,9,10,11,12,13,14,15,16,17,18,19,20,21,22,23,24,25,26,27,28,29
0,0.960400953933234,0.9629101916153838,0.9373576747767848,0.908001882088685,0.8882717970149202,0.8647173655781082,0.817905139273603,0.7670552422069572,0.7141283146282361,0.6644862400298911,0.6345093904416718,0.6168335290533633,0.6014148736469629,0.5963068511074677,0.6068201264854264,0.5835158737590328,0.6017193079898714,0.6567420936883329,0.6483447932190401,0.6179784860739769,0.5934737982533248,0.5702038537452764,0.5137808561240543,0.4897573162220495,0.4443309182900815,0.4264316052414592,0.38336679203953655,0.37997310718874144,0.3760712023681196,0.4145563603220482
1,0.1652722985553272,0.17283166409630554,0.17423819967086263,0.177900463627276,0.1794228687860719,0.18419852589671612,0.19367735807218664,0.18583530173314164,0.16862682496914502,0.15780428386525158,0.1463774582282137,0.14037499780438303,0.13547062843584315,0.13497437875674137,0.1358515750854786,0.1297540721271581,0.1304492753803024,0.13684631337189812,0.13464137859709222,0.12869564003389594,0.12397856126887184,0.11982384165522363,0.11000001801146823,0.10572797764506857,0.0974735733563438,0.09388347224940267,0.08662447450158878,0.08468081074594948,0.08418531763543266,0.09572614389507153
2,0.2916465748397063,0.30649550386446384,0.312227094045298,0.32078146025178744,0.3232951011568594,0.32750634341571755,0.3344945915643006,0.32354005665285673,0.3014291045207889,0.2847908461988233,0.26988117469616274,0.26040883215401905,0.25322846065935734,0.251119671869573,0.2540948838043886,0.24506200747889323,0.24711819215304132,0.2568713839381826,0.253630484253838,0.24357105434052842,0.2367030104152502,0.2298479294102349,0.2113532376071954,0.20213031700276943,0.18586593967769557,0.17923125301527548,0.16377595319173338,0.16006879887180778,0.15819270179804817,0.1782521276158161
3,0.3799666209993132,0.404957237950786,0.4157091815600454,0.42943393263583385,0.4381706336181662,0.44298793208503434,0.44894452630226256,0.43648112263194777,0.4125943393163073,0.391436361116238,0.3749239076133592,0.36386752186135524,0.35443801709312717,0.35066140271014473,0.35377261430904655,0.3421951337197499,0.344862863254972,0.3549867496606187,0.3505248110223692,0.3379214057454731,0.3286877879872837,0.31915286299489665,0.294483177133885,0.2821230902117852,0.2603217362669627,0.25168896658972645,0.23179797555172418,0.2260318226328536,0.2236104064522703,0.2480413232719993
4,0.4834132661531914,0.5155359141775352,0.5305806955386316,0.5515499431918195,0.5643080276154652,0.5732669625244234,0.5815324738322105,0.5703436357045008,0.5471848540177308,0.52299335737564,0.5044222183868943,0.49126814681141484,0.48027386476165684,0.475232586021889,0.4802948144767811,0.46701164277792634,0.4676607398592345,0.47791013479111777,0.473223707599584,0.45728576801264115,0.4478541466255594,0.436340513533725,0.40610656826657643,0.38972568981816597,0.36099529702177324,0.349855858748245,0.323343425843206,0.31559304515885866,0.310803867054404,0.3419590622381034
5,0.5700337532110916,0.6059440401932443,0.6246681267445059,0.6508192111567188,0.6673669199155265,0.6811656892015815,0.693310024509602,0.6868461749461362,0.6683006935234498,0.6463159565788389,0.6277772501125408,0.614086798585518,0.6023696778067299,0.597133437076285,0.6021780007710361,0.5899806826541785,0.5899676534796393,0.5994521939578418,0.5950520774643234,0.5783056974706996,0.5682458633895865,0.5548295790468839,0.5222550317359721,0.5050559996566323,0.4727986207751258,0.46089371840199717,0.432661604342042,0.42392312223844336,0.41867900849833245,0.4488449277754698
6,0.6137196438856237,0.6539535398160126,0.67943710799414,0.7097673322949171,0.7307393759833773,0.7462229132197358,0.7590855500484702,0.7578817558717388,0.744366095895568,0.7247805473830564,0.7071143451870906,0.6930407437930858,0.6807552239130086,0.6757518772921615,0.6809044795343754,0.6704027079097197,0.6720847909453385,0.6788750128742845,0.6748480950595614,0.6588136285567217,0.6486699928362591,0.6342395015902618,0.5997014177180587,0.5824052434063228,0.5479220634403554,0.5358261682583735,0.5080975045238337,0.49911338152268364,0.4940510842339445,0.5227712417770959
7,0.6287022066367559,0.6747218865493129,0.7039849139110687,0.7447490291599321,0.7682436777305666,0.7916600209808048,0.8138128514974267,0.8239858583038815,0.8193911184932273,0.8060904466563625,0.7904872950048415,0.7776377822111927,0.7656178882853611,0.7580040641444556,0.7649499078417018,0.7554529670997797,0.7535398523296812,0.7526669341719587,0.7480194515762641,0.7317912086149336,0.7226807980992299,0.7081443792091758,0.672894673568213,0.6541615805945418,0.6180325665564778,0.6057823800542186,0.5752291495311213,0.5645477016847625,0.5585285849967823,0.591738501380525
8,0.6280469918905343,0.6760246702211391,0.7052018322321368,0.7519939566567161,0.7752487547048205,0.8028021750829667,0.8302671797257608,0.8476317289265334,0.8516199819285855,0.8475097937334357,0.8347689679206168,0.8247083358362987,0.8133846680090794,0.8061609641752245,0.8133975152445311,0.8056062226997664,0.8013004313857242,0.7964835535489234,0.7928544116318959,0.7768299492463315,0.7693146053703996,0.7552022409662066,0.7222164088354222,0.7043816331954,0.6686235498807307,0.6573060965736331,0.6272816868884394,0.6165102015772389,0.610230401918028,0.6411544011381229
9,0.6047252562970109,0.6531304417803203,0.6859255050301116,0.7338878205257948,0.7589083639203172,0.78766177618744,0.8192005169927515,0.8411825675475714,0.8530323819070599,0.8562209980228651,0.8499368078529914,0.8434540069006097,0.8352189132596182,0.8269355027800551,0.8317112947066012,0.8243885607501794,0.81706016055784,0.8078918516388068,0.802447902973244,0.7877754829868089,0.7791492309529421,0.7639579944237666,0.7318792274486204,0.7136237691631928,0.6794219004832037,0.6685321232284555,0.6394985189883204,0.6282452632789922,0.622333075847328,0.647630259750053
10,0.5878603092024516,0.6376329161797067,0.6730266501988754,0.7221937626701856,0.7485732333230067,0.7773648441656741,0.8119409565194565,0.8365791936086908,0.8557591324414967,0.8667186012438187,0.8652091518348797,0.8610099997883252,0.8552808841362812,0.8473718714179294,0.8502426449848722,0.8447343287135997,0.8347581621312082,0.8210809108806868,0.8136092760692245,0.7994970893057567,0.7899445991949443,0.7732475077380472,0.7434741919163786,0.7252179707576183,0.6914657995716988,0.6806888458193451,0.6531902203811222,0.6414111544232569,0.6360375917813818,0.6580678107901148
11,0.5766369293744148,0.6307465602829728,0.6669969406838187,0.7150246951764637,0.7419006692275,0.7701582044920658,0.8072469057018975,0.8327941055165454,0.8557591900781762,0.8694526480464105,0.8722114004083803,0.870107549742402,0.8667822208679659,0.8587184559571575,0.8622678938343639,0.8578129333979194,0.8463759497532541,0.8300178826718808,0.8208274913566312,0.807615642132334,0.7970559799620895,0.7800299298923116,0.7506360553038032,0.7318815416395129,0.698189444144504,0.6871136514437741,0.6593031843426264,0.6469171822915128,0.6414617229574838,0.6593660271269082
12,0.575067256686645,0.6264853812202038,0.6638521609912578,0.7148629530742061,0.739630142103819,0.7693747747763048,0.8077486326943999,0.835127054863703,0.8569600002520059,0.8721945034139238,0.875411560747295,0.8737573902699578,0.8716885073896096,0.8648676623455539,0.8699090286695631,0.8664762208056793,0.8557076129642185,0.8388542424930951,0.8305572502886842,0.8178937877872834,0.8079483542333163,0.7914688018528028,0.7618704524746107,0.7421798037687046,0.7076596864681501,0.6959951662804847,0.6653422120939066,0.6529812922600204,0.6466444617326675,0.6672519954748696
13,0.5515156524233543,0.603780261994444,0.6423214997077149,0.6937577996360714,0.7186975554029245,0.7493634511788393,0.7903919356193302,0.8203433827312562,0.8481298770672174,0.867967435228882,0.8745476513925792,0.8749010650952905,0.875736551897603,0.869032945053184,0.8756619889551105,0.8731410333620178,0.860690771924023,0.8403404574965041,0.8300582339053214,0.818879845016715,0.8085209469936212,0.7915329413007538,0.7635694522604973,0.744366401056229,0.7115566522994028,0.7002494797912248,0.6709630767776829,0.6584057917502038,0.6523983797583819,0.6680613096248985
14,0.5440204006745455,0.5952256998615683,0.63321128257272,0.6846763917722731,0.7068371827021899,0.7377087095765004,0.7806600124862431,0.8118075765858315,0.8380462937929979,0.8603515340824127,0.8686806750504432,0.8682679988174946,0.8693046235122546,0.8665828059879297,0.8755400140591927,0.8788619721746449,0.8704308036448617,0.8523720249959382,0.8444527536078493,0.835656280590303,0.8279843217345012,0.8132567422616699,0.7877840012662533,0.7697442017769907,0.7391377952319286,0.7290882100821148,0.7002830852566239,0.6883051963402074,0.6823791058474394,0.6973617191534341
15,0.5499690474442611,0.5997645628247276,0.6355178216289697,0.6837981049993457,0.7061366651920024,0.7363209863795266,0.777500932672063,0.8085458717165199,0.8323935220347203,0.854104636585898,0.8624779266746527,0.8633666800952283,0.8639181327362091,0.8633152841380151,0.8728256033570051,0.880312061336821,0.8772639163196609,0.8622553111745815,0.8577990895634919,0.8531466704100641,0.8470804957321216,0.8320534343335728,0.8107434060318789,0.7958874517450111,0.7690748443254856,0.7610050007440244,0.7359214968994309,0.7251493214591277,0.7201949176447332,0.7278879858458065
16,0.5349754032575298,0.5833437061319865,0.6180350635349807,0.6653529721610034,0.6883610000680029,0.7186713077931078,0.759442458226035,0.7893035182587196,0.8093042336961656,0.8305379123612961,0.8393764763149092,0.8409846184916026,0.8405481394811334,0.8433649703209033,0.8517410776920793,0.864447845097883,0.8686371557627016,0.8571832163695557,0.8571969620639431,0.856320189181664,0.853208082812859,0.8409164386995048,0.8238968499163991,0.8119473314695744,0.7874404485175703,0.7806965261333694,0.7587566911929987,0.7479504227677419,0.7432193403588832,0.7469316963565471
17,0.5407724140979536,0.5908840018409798,0.6265131971886126,0.6757022521263099,0.6982988647202488,0.7281123488106622,0.7681957806705029,0.7971410564497255,0.8138490049289524,0.83106583840194,0.8367206232490652,0.8357969667032163,0.8350127069808511,0.8374959731993039,0.8482166274748428,0.8612989076472807,0.8675318169890858,0.8587768382783804,0.8611864006651462,0.8605438751467651,0.8593286254083045,0.8484527030228155,0.8318241642916784,0.8191258445067325,0.793231835451233,0.7855585616507158,0.761155836336888,0.749633792685998,0.7433244944511004,0.7501517608088937
18,0.5391340462226476,0.5845390240991121,0.6170843052675372,0.6634126432361827,0.6821617258734772,0.7107768665647365,0.7485529220627692,0.776254498749411,0.7879244758244148,0.8042774016110776,0.808291874536493,0.807847479357411,0.8061753242984536,0.8111272939387019,0.8225107235179883,0.8388924579156365,0.851249928793446,0.8495478459273043,0.8572963798702801,0.8613676769377485,0.8637620555238594,0.8554909631325122,0.8436061336251126,0.8347213203025354,0.8134141410622576,0.8079575827297785,0.7855464422984746,0.7768929120341567,0.7713637381341215,0.7749412260939988
19,0.5445587006313763,0.5856190573415425,0.6135613363748649,0.6553096662763228,0.6722259295451269,0.6996277433557389,0.7328265834673289,0.757429695937489,0.7650217611333117,0.7786581429278373,0.7813820209808521,0.7806872383397616,0.7771892313768145,0.7850031235712702,0.7950392381190547,0.8131525453749877,0.8296555022911233,0.8343982011210459,0.8461524508373895,0.8523337587705924,0.8576334360750926,0.8517339173981068,0.8447070905314564,0.8420599347752868,0.8257740635851966,0.8226582050768813,0.8063684276110796,0.8003869774760876,0.795218405284333,0.7926116028970439
20,0.5085241000574656,0.5491757772456278,0.5790829459292356,0.619646337514135,0.636661311773726,0.6633979441204199,0.6978084690628394,0.7236010308219513,0.7321830181200292,0.7484445894912456,0.7530520724107518,0.7535391497437657,0.7498285397593233,0.7580531239989141,0.765741175537752,0.7875656058108157,0.8051560070600593,0.809883480125856,0.8255517343457336,0.836044793463797,0.8453081690368333,0.842448940464767,0.8438041759715929,0.8484015143006532,0.8397081415675777,0.8396951966450531,0.8297767712114725,0.8268313408449747,0.8229925320256573,0.8115641828720376
21,0.49370872119278797,0.5330704861472324,0.5624444273288949,0.6024291389562071,0.6185847111324342,0.6450838739405874,0.6803832778897151,0.7062893650110994,0.7150932011710642,0.7319542497819007,0.7366322095764519,0.7377584754238484,0.7338578572751501,0.7430007619534158,0.7502109573438364,0.773183008072823,0.7912584473021677,0.7968727679424035,0.8147076190536512,0.8272321564258898,0.8387428847626248,0.8367609522683577,0.8436259338927083,0.8503306351494261,0.8441791737279363,0.8452636278485036,0.8354048658243656,0.8337986722020103,0.8288593468979633,0.8148002237871882
22,0.5033014870574156,0.5414593718310653,0.5707411901118351,0.6103872502616375,0.6242409116228091,0.6495852578976389,0.684092593158577,0.7085323712271471,0.715912001061389,0.7312792767049383,0.7343286231295878,0.7346607210244653,0.7301583783712008,0.7393162500491856,0.7466769675054881,0.7686233468592899,0.7861198273513517,0.7938083342066117,0.812207055507274,0.8239097226125237,0.835287646875502,0.8335499309957871,0.8408820257349561,0.8486988669340072,0.8436277543038434,0.8447921196297808,0.8339089796368931,0.8338778365492606,0.8282938376747733,0.8144718628984008
23,0.489090681278952,0.5283216029070057,0.5583932831284443,0.5976797500811325,0.6135938536442368,0.6391423680420661,0.6738513054080512,0.6987204731554304,0.7071403782374182,0.7233641431722281,0.7269200015690603,0.7273220847709974,0.7231002096115806,0.7315742656700275,0.7374645958087688,0.7606066813572054,0.7779023625977732,0.7837087710718152,0.8021137054164457,0.8144749670310637,0.826396552887893,0.8249644687897301,0.8343383304987582,0.8441073864196564,0.840935421121172,0.8432443499858743,0.8357435312208369,0.8359478638169359,0.831313838320119,0.8164903669844578
24,0.5028133904383763,0.540436197263738,0.5686695209363208,0.6033546591420816,0.6181686418965125,0.6409424379814969,0.6723559334767613,0.6939298540595878,0.7010818001487138,0.7163948784554145,0.7194035285877526,0.7198665494415718,0.7149841360031278,0.7230394041294017,0.7277286519222993,0.7506799321058168,0.7686038217901296,0.7768531742525923,0.7952737698167205,0.8073504212483583,0.8182117743763568,0.8160481894571362,0.8265978562905014,0.8397508594494798,0.8400417195677845,0.8440794281819743,0.8407013093249237,0.8435465408166058,0.8400763429887473,0.8212971305777842
25,0.486804453571142,0.5246722473604655,0.5528277869573143,0.5871796324594742,0.6028969457455516,0.6257855303001391,0.657881493241245,0.680139892694018,0.6882336578093348,0.7048859304932324,0.7087809822855973,0.710083778345291,0.705436217775935,0.7139690056165063,0.7180261310614247,0.7420079357147612,0.7604251310876009,0.7680452447543149,0.7872358458114745,0.8009304317436492,0.8124129179215538,0.8106721547870658,0.8237177322744917,0.8381426692102392,0.8401689138380805,0.8449104543665931,0.8434488109326684,0.8467010961331282,0.8428667530438249,0.8195117962233727
26,0.48016009976435087,0.5176330338059764,0.5466278780927316,0.5813281844166301,0.5962838243053412,0.61956939191811,0.6528022516840605,0.67599200743427,0.6850882737844883,0.702961841756877,0.7074281060196859,0.709076264400145,0.704745209029479,0.7129867842128792,0.7165074905842147,0.7408529153161869,0.7589327454403054,0.7656718358581759,0.784759248252188,0.7990205410777437,0.8112290610672298,0.8098349280799392,0.8233529765049594,0.8394826893026615,0.8432295781597496,0.8488115474641462,0.8490819687030132,0.853205210298857,0.8504433308209338,0.8256645173137416
27,0.47931344543944837,0.5160940305257282,0.5445073875462387,0.5783934272107155,0.5931372118494425,0.6165170257369671,0.6499365413378406,0.6730633134210526,0.6824754946705774,0.7011231365167031,0.7060124002168655,0.7080611447828188,0.7037490007434752,0.7121038701652233,0.7150412458361999,0.7402513472413107,0.7589961248570491,0.7661067541729252,0.7852550169485024,0.8001636313631111,0.8123868835348732,0.8110767526689653,0.8252154978246574,0.8421939166657071,0.8465568843323645,0.8527777161120726,0.8546744459903162,0.8588198493417422,0.856753872695165,0.8302189443595969
28,0.46834600141161126,0.5041015448697285,0.5331541458178691,0.5669521636600541,0.5810642273974556,0.6051915362314171,0.6396776868052569,0.6633379772173442,0.6739245347209636,0.6942852842870236,0.700056980258946,0.7028631619482671,0.6986734862242364,0.7072498763375049,0.7096188856108607,0.7361091623865754,0.7552243152859139,0.7622507301302689,0.7811058513841211,0.797101412712815,0.8091357573551666,0.8076742850297409,0.8229586563902632,0.8413672853322021,0.8469994141848781,0.8543550027310604,0.8601463969810069,0.8641466302986569,0.8634336580096268,0.833473030270039
29,0.4558829419031229,0.48876613785522294,0.5170079528429701,0.548075908404555,0.5597969437064965,0.5834870398647851,0.6175612639155681,0.6407490344911163,0.6511359715119361,0.6726981120287782,0.678314867259573,0.681711746429321,0.6771691820008162,0.686601357750153,0.6885724581814455,0.7170643081862859,0.7367366243268663,0.7457630818129837,0.7667302312674221,0.7838526808084741,0.7971890936132306,0.7964944020099318,0.8161016745320095,0.8379322938409459,0.8475091723402096,0.8567549247270387,0.8678571831120989,0.8751488997837172,0.8761968207779726,0.8445709301441483
30,0.427410248464018,0.45989794068202566,0.48869739429643705,0.5197074285862961,0.5322049088999926,0.5567583320419881,0.5920359274734006,0.616905251069191,0.6287478690086973,0.6520442634546135,0.6588568161152714,0.663156977796171,0.6588366440995,0.6690850977958572,0.6704240780241045,0.700421114931225,0.7206274453185032,0.7276779226356233,0.7497398687956889,0.7687547970342111,0.7842163876669107,0.784893822543644,0.807282349351164,0.8322165039440781,0.845443238281019,0.8565577138034086,0.872471324000131,0.8813666435170686,0.8838987095845637,0.8492280039856894
31,0.39835117645426055,0.4305853571036785,0.45934733709094866,0.4905497862354879,0.5044031108538174,0.5304266909419133,0.5677092570429634,0.5932506169959783,0.6050846959084882,0.6291440832711809,0.6366536299369261,0.6402859097404253,0.6356345280520431,0.647053777930582,0.6476742400763265,0.6792665904634553,0.7001326636361732,0.7057459658875331,0.7282770811119846,0.7476909278455209,0.7644701177498219,0.7669789533476777,0.7910509473512581,0.8153300738719425,0.8289211381363483,0.8408118441518448,0.8574829275379986,0.8680944925147579,0.872970843309258,0.8527021604594504
