,0,1,2,3,4,5,6,7,8,9,10,11,12,13,14,15,16,17,18,19,20,21,22,23,24,25,26,27,28,29,30,31
0,0.5907469721395581,0.6919361886140983,0.7205165925534845,0.7383252815635841,0.7628473005873441,0.7586069269974864,0.7574769884582948,0.7369512019832088,0.7174567108822439,0.706929210232226,0.7041499689343831,0.6980334695983393,0.6926375036278121,0.6732511533907022,0.6770416737568248,0.6774539443922167,0.6940097625082472,0.695547299912215,0.7018871065623946,0.7090222836670427,0.7089685820299697,0.7090190079049283,0.6963434071932716,0.6875938037548381,0.6733064997967264,0.6633348654735517,0.6501551735751413,0.6302142974433653,0.6168612478050673,0.5927431464895854,0.5655805968955059,0.3853263322619269
1,0.6137229098539724,0.7251045947745148,0.7644571408951512,0.7830437261282973,0.8049433626956513,0.8050836643170803,0.8071580425032574,0.796503926002987,0.7770407451059398,0.7675519500672012,0.7639310849233165,0.7566719438592825,0.7517271903552818,0.7352210103492551,0.7422725083626357,0.7437338562211363,0.7654852847443928,0.7696712363463545,0.7761631396129327,0.7771397787662213,0.7778369263904308,0.7770151155443243,0.7643273683528767,0.7554046408907445,0.7376757574834798,0.7251416211364606,0.7092111744338735,0.685524305283842,0.6704018329398339,0.6425498130775337,0.6129364980451616,0.4128779396348183
2,0.5995753705257251,0.7001733162609916,0.7354266952089296,0.7507783517860057,0.7755967979832531,0.7796226485860268,0.7905835021796637,0.7747214732153272,0.7557270188669643,0.7516948868276397,0.7569313225154224,0.7522070774913666,0.7507648843714907,0.7375181814099466,0.7489437941188614,0.7542960556849776,0.7789584421097946,0.7860495487598067,0.795352600217493,0.7929970460236723,0.798835558911696,0.7975148763156936,0.7867218846559899,0.7787689490894053,0.760013995915275,0.745230733833873,0.726527030218051,0.6987152610459568,0.6840630240552457,0.6530558426572608,0.6215096692748154,0.4144929223907007
3,0.5917470402227569,0.6941249524830478,0.7315619961135204,0.7482178699997265,0.7738482036147696,0.7810857489054633,0.7922292716320206,0.7779529833619645,0.7597337516817907,0.7575603841225454,0.7655960895253063,0.7616618735148613,0.7612711982373559,0.7485128687496068,0.7603090945913674,0.7666761043827693,0.7923753351615345,0.7970346994718462,0.8056793473872393,0.8027832208338953,0.807291550741919,0.8053913885999283,0.7939414515401433,0.7862368012041288,0.7655739588148418,0.7512580175303054,0.7325629069549323,0.70541641135896,0.6905281822601583,0.6583000210578236,0.6262950128366404,0.4174929661163628
4,0.5769636275609706,0.6796627012209528,0.7106825455323048,0.7279074162978888,0.7565060512271451,0.7660356090536533,0.7805469977288906,0.7635294991402839,0.7488057549674595,0.7474851566457239,0.7586713806149326,0.7560344324473045,0.7567771633458926,0.7433451887351253,0.7544316195839592,0.7629011486312999,0.7872063313854499,0.7912431238038208,0.8000788942635826,0.7988519324578675,0.8047336158068382,0.8029537443468421,0.7922646315538692,0.7846994717438939,0.76356116754133,0.7495295320725174,0.7310574937819247,0.7038969502882887,0.6897414651837929,0.6571159154374744,0.6260914913710822,0.4167887685324566
5,0.5679046175679524,0.6744083872098179,0.7064300329536476,0.7255621880395143,0.7566734421711682,0.7670142367740221,0.7793837016215519,0.7646028501068572,0.7508532202746451,0.7517116566694844,0.761681821720427,0.759731994424604,0.7609537076489804,0.7472455542320492,0.7592112359651477,0.7674353018238953,0.792917526406613,0.7947971436645181,0.8028939969701492,0.8030689020472968,0.8079178390504892,0.8059822055091947,0.7963183611265232,0.7884132627040935,0.7673827028910453,0.753909053629787,0.7356810265576582,0.7096406357290381,0.6964849335495782,0.6646437800275581,0.6347683053739189,0.4267125915339208
6,0.5559952260591178,0.6589252697970517,0.6908010952553286,0.7116632020492866,0.7437192606785313,0.7569751612122204,0.7701504461931884,0.7578576462776692,0.7451156545138463,0.7465897794143531,0.7562388561810359,0.7555710597751781,0.756298532696013,0.7429011105590592,0.7559076209440562,0.7630350233677509,0.7924220388167323,0.7940743981304426,0.8022108199437992,0.8022819786326345,0.8078451180670361,0.8062921338797329,0.7984455572890392,0.7910251530355181,0.770063838877154,0.7567141435534572,0.7386618194919711,0.7126439464467805,0.69951277378904,0.6671503450656072,0.6378797952677185,0.43025144612773764
7,0.5181628354653398,0.615178095224248,0.6602599277959672,0.6773751177146006,0.7050917775354129,0.7174908460126054,0.7308175142978844,0.7229206010161682,0.7140390693814287,0.7211406324888678,0.7319230338544322,0.7314523376567329,0.7331964411137751,0.723857077323527,0.7407606348159107,0.7450162334502755,0.7768207006494859,0.7808351152048346,0.787499365534653,0.7842088901694461,0.7905115539004243,0.789354075400708,0.7850760782282253,0.7771538797118624,0.7584168949514772,0.7454362036786671,0.7276382202620508,0.70201376927842,0.6909403921034125,0.6579253937928972,0.6304005766634829,0.4247610659240928
8,0.5101835461996712,0.6057415220594905,0.6551113051104409,0.6716658317060161,0.698095732779757,0.7104172922681227,0.7237156780411028,0.7165896942421257,0.7093458898856072,0.7187704542376439,0.7308925497977677,0.7313932105827862,0.7347740516264717,0.726747674663946,0.7440231515329754,0.7475208023591399,0.7802188267285518,0.7842704324459332,0.7903279758959285,0.7857933376569676,0.7918387612826633,0.790296033290614,0.7866488677982927,0.7789242063119013,0.7602117780218041,0.748036210406391,0.7306734355695829,0.7055186930714508,0.6950606152339412,0.661359343491888,0.6347854246332785,0.4287174225468789
9,0.4970430783826088,0.5890146467892081,0.637326213425974,0.6532597318046532,0.6795732934603131,0.6933858157599403,0.7081003196348409,0.7029457528186578,0.6951393417220362,0.7045111398127639,0.7178054576793351,0.7188291632058305,0.7221522806224973,0.7153199309437475,0.733232412290841,0.7371564863726737,0.7712635614486952,0.7742412307219241,0.7803217366547841,0.7753819601070986,0.7812743475720608,0.7790295409686868,0.7756889485936742,0.7688379284625689,0.7497992180801766,0.7378511776354135,0.7206333061928349,0.6956049480401703,0.6854389144151152,0.6515348847022832,0.6253669429555494,0.42134997796081225
10,0.48308860081501337,0.5720776954086298,0.6188784141966094,0.634112323811793,0.6598353505696566,0.6738858421471944,0.6887154281054503,0.684518452584177,0.6779121058814934,0.68875999115625,0.7047389922372308,0.7070271879188937,0.711561884352873,0.7057845294838178,0.7238151267497521,0.7297125934862646,0.7622506181413627,0.7641914095231255,0.7704463146442635,0.7657767600796231,0.7713900223364205,0.7686972009372083,0.7658687911033722,0.7598189627116361,0.7415729975958266,0.7297171629507001,0.7122867005303603,0.688326251375517,0.6787157541075348,0.6449679230023608,0.6189725450442238,0.41719997066837466
11,0.4726331108818367,0.5573552594598632,0.6010915414252286,0.6155839612507533,0.6406484480336195,0.6544377816278845,0.6713559694623422,0.6669442072127747,0.6617986288399722,0.6726842928474119,0.6911101419915973,0.6940489087711356,0.7000103515428848,0.6947388347610003,0.7121213760128535,0.7194790358255814,0.751455762676139,0.7536084881200882,0.7602462624813556,0.7551780888127566,0.761222692813845,0.7583845685097856,0.7554544940818969,0.7501163133562254,0.732490208042884,0.7214552361816955,0.7042773579398678,0.6818616520958598,0.6729693107444307,0.6394014926927025,0.6139730153940917,0.4138346615817952
12,0.4487148448878437,0.5281719107566152,0.5688985320177131,0.582163646097398,0.6058204595375547,0.6210796362424407,0.6387120437193762,0.635710542896451,0.6325894160751274,0.6458883122195651,0.6674832783802102,0.6717326127253854,0.6794330044793063,0.6767525211771017,0.6927167426935584,0.7015342420066064,0.7333265709286615,0.7341790681625855,0.7406790929842291,0.7345435672310502,0.7398791983668996,0.7359343889866656,0.7340430698771074,0.7301270025556279,0.7122881005216823,0.702508583498264,0.6857901867096904,0.6651012760390439,0.6569479325521232,0.6240995062730503,0.5995720052832005,0.40745120613972297
13,0.44333592528720783,0.5194822962080707,0.5604187812856098,0.5729774984003091,0.5960930051367345,0.6111074412471471,0.6290064296004061,0.6263426685749891,0.6223033959747681,0.6348576904111723,0.6564992897677783,0.6612994226938069,0.6696493783033057,0.6668915300928611,0.6838751421504092,0.6923425364364638,0.7246099886233678,0.7258638294196754,0.7331125343423545,0.7262400223595288,0.7323429603320927,0.728524961061908,0.7272996038447745,0.7225851734610205,0.7053921237058027,0.6959034430469536,0.6794530118802433,0.658883395770144,0.6512466658650812,0.6189363391494644,0.5945829022843357,0.40445543798243433
14,0.431479613784731,0.5061959633337066,0.544963905976585,0.5574790145231222,0.5812960756513172,0.5965846754085796,0.6152177977413258,0.612249332933385,0.6089248691858872,0.6218620376408145,0.6453274901312829,0.6513488048488626,0.6595787806153945,0.6567232485971064,0.6724099441938467,0.6816360616276256,0.7129690723764242,0.7132447716027008,0.7202552116159501,0.7144381345929831,0.7200542959108407,0.7164355185639988,0.7148182945041891,0.7108416733702783,0.6937923086905837,0.6849393834974496,0.6687729880838384,0.6490394989754855,0.642050491620336,0.6097884887590175,0.5856946932726488,0.4003326084141707
15,0.4369499122443585,0.5081654616474336,0.5450952875677454,0.5569967994021241,0.5802156013449326,0.5954578614362261,0.614463112731478,0.6116585454942298,0.6071571682692546,0.6190557063086567,0.6419101690047366,0.647913872344839,0.6565093415530314,0.6534774550795039,0.6695762761402216,0.6797924184235965,0.7115138120610192,0.7122378774888956,0.7203158110676199,0.7140050002030205,0.7200669018124153,0.716255236588009,0.7149976892504667,0.7113664453137076,0.6945116376826143,0.6856127751186268,0.669220252900987,0.6495337961379726,0.642364819714918,0.610204337612429,0.585847340740857,0.3999559486707577
16,0.43989060633894017,0.5115278696426351,0.5469266280093414,0.5590272111147533,0.5830180463261688,0.5978231010923407,0.6162011074031557,0.613499520724392,0.6084919229454056,0.6199405847074487,0.6428103032661011,0.6486809562300342,0.6568895295475222,0.6528299612281366,0.6681316038645869,0.6788989200011614,0.7095313254824568,0.7092590456010732,0.7174299736968881,0.7119567140509052,0.7179869527967453,0.7141052276884349,0.7121901831805725,0.7091981047546394,0.6925898991255176,0.6837977527985176,0.6674466990247552,0.6482589184112029,0.6410709212823961,0.6094519124996238,0.5846293359631769,0.3995076252042844
17,0.434198388974014,0.5050381296861719,0.5401804894853438,0.5525358682768005,0.57616977097586,0.591260279277993,0.6097933697443744,0.6089478401920448,0.6040242623794004,0.6159496787402912,0.6383357553982578,0.6441926475185932,0.6516725793179204,0.6477907154633206,0.6610280321446292,0.6727411846201441,0.702284769487039,0.7010508717500086,0.7089937754243347,0.7040158615297534,0.7090611053862564,0.7053309528211557,0.7031287892188056,0.7002934659537704,0.6838219833013746,0.6756057005964864,0.6601063688443701,0.6423626750907646,0.6355769899023563,0.6044957431708662,0.5805456235617046,0.3978741781080927
18,0.4276465833335185,0.49649492786962346,0.5350812433688341,0.5473166799709124,0.5700287434499476,0.5845238201424525,0.6021721797666805,0.6021335406591233,0.5975669594286044,0.6098785585163831,0.6314509818319245,0.6367208347837661,0.6449529804770243,0.6419544389726937,0.6569362843953923,0.6668651299624565,0.699362417321225,0.6991531809905559,0.7067106761659473,0.7008690254756638,0.705549679569296,0.7021100445391166,0.7014187203339455,0.6983367370432904,0.6827610940384748,0.6756244326681482,0.6612296193133933,0.6443125058577406,0.6387096261234605,0.6084464595099843,0.5865375894348828,0.4040172883793597
19,0.4323824813651049,0.5029980615837976,0.539917475117182,0.5527489035765196,0.576460755989862,0.5921231988595331,0.609475768240179,0.6092297782595009,0.6045285141027766,0.6162141698303693,0.6374300585792136,0.6420525601954784,0.6495404799682816,0.6465767192422172,0.6623817183369296,0.6715387616981293,0.7064051042386021,0.7070743656123959,0.71537301142311,0.7090214145046038,0.7145224757576535,0.7116739330544881,0.7111780932401827,0.7082160833078486,0.6921677276249679,0.6848577857263142,0.6701098542576295,0.6521228195821118,0.6465134238845596,0.6153380111427847,0.5929177898501241,0.40774274403242766
20,0.4335322162000812,0.5035993497224762,0.5396721183944506,0.5526698730651687,0.5765701254365653,0.5917269527605947,0.6091035080603978,0.6093231176438246,0.6042732465105792,0.6154425051166984,0.6359645133486482,0.6402936040462421,0.647796991448778,0.6440390703740632,0.6594302856718354,0.669269178463062,0.704017277325988,0.7046359786220515,0.713271285602797,0.707511072896307,0.7128155222510831,0.7104758432340702,0.7102581609635816,0.7076833151670343,0.6929832951276171,0.686185346671605,0.6717792285876606,0.6546431966234751,0.6493035811509227,0.6184039117167942,0.5963804956908652,0.4108274888819556
21,0.44351659047104386,0.5159928434415317,0.5528798511492106,0.5666972382280372,0.5910597557683054,0.606433722075708,0.6226749161104961,0.6229445935875789,0.6171902074787573,0.6270999173924737,0.6456347853009786,0.6490274455748781,0.6566073436374313,0.6521535614267653,0.6677244110650474,0.6776196488498456,0.7119144433821465,0.7130863506160485,0.7217010959804171,0.716184866846702,0.7219779205620717,0.7204068535077984,0.7198025423113712,0.7172595885618887,0.7026298750572098,0.6955573904059402,0.6812754954116104,0.6639000653483847,0.6577861298688905,0.6267951535332316,0.6043547506510544,0.41416456876482755
22,0.4600065990287495,0.5350754647925006,0.5781801479673953,0.5911064516989549,0.6128035734675604,0.6253496846823011,0.6405738614292213,0.6423567155458023,0.635376784368605,0.6439190079671346,0.6599934317116805,0.6622923623138481,0.6685696124050858,0.6648730522788396,0.6808677550394482,0.6897158362968207,0.725440272198734,0.7280119602710571,0.7369060157242294,0.7305297770191973,0.736249892609204,0.7349016038896512,0.7348679957381581,0.7320845919349082,0.7168951273066275,0.7093208911318915,0.6947845964562889,0.6764731187413867,0.6698814009225483,0.6387409142317917,0.6158418126479452,0.42170484821926324
23,0.4419885513771126,0.512132185782301,0.550562844430518,0.5636453684629786,0.5859539806196864,0.5977713140460599,0.6130894510952377,0.6145185265289566,0.6086571326828404,0.6173887560606064,0.6337999571326803,0.6363057533681594,0.6427358352621988,0.6380195538856652,0.6529862254075841,0.6622100664423201,0.696900540052409,0.6990338726580929,0.7076217134336268,0.7032520164680642,0.7089621126689097,0.7083981450473993,0.7091107981786555,0.7067965167015694,0.6929866381762525,0.6867849445961749,0.6732821365811816,0.6567033594455132,0.6513186149437913,0.6213923106752186,0.5997869747906468,0.4114366863592308
24,0.4307785454048582,0.5001272459729421,0.538850695771571,0.5516669085796613,0.5727683547829511,0.5843278201624287,0.5989396223103143,0.6006284134506836,0.5954135977266207,0.6046541768672481,0.6209555226584482,0.623658474936781,0.6305677615269967,0.6268993978947274,0.6423566163042634,0.6507300140597788,0.6864021336354958,0.6899535706075887,0.6983181206071732,0.6935357811788293,0.7004309730260049,0.7006193675997534,0.7033126916329338,0.7015499760280479,0.6890142874488767,0.6837838505725323,0.6710867933257434,0.6554264036396552,0.650858839293289,0.6211622029452938,0.6007910873306731,0.4125432008622622
25,0.420479469283806,0.48798647264061673,0.5248611799001072,0.5378277313237031,0.5581944152350792,0.5701421384801173,0.5852105682340988,0.5866738339703684,0.5823922198993481,0.5918266175370804,0.6083467235650317,0.6114280539867635,0.619183699280697,0.6156059449383341,0.6305235465716146,0.6386066746260065,0.6752600397916604,0.6794870460086674,0.6879008553716144,0.6830385964175014,0.6910843311059497,0.6919278925964688,0.6960237042378083,0.6952856699275464,0.6834022637704883,0.678373311415873,0.6663609956073647,0.6509772474266078,0.6468534472899141,0.6172989115177698,0.5976752335800191,0.41003509784175174
26,0.4004397337510572,0.4656581306729004,0.499793026916637,0.5123925357905426,0.5322261949171636,0.5444951385308027,0.560024903997756,0.5607460896906765,0.5574529650427353,0.5671550041427337,0.5841642093940626,0.5871840355146403,0.5951014968775181,0.5920470102687291,0.606704076012512,0.6142552388033701,0.6509227898721863,0.6561315499207636,0.6645114911514939,0.6598357144772444,0.6690299489039436,0.6706095459631279,0.6764536048006643,0.6761927986427844,0.6653166573248411,0.6613076260822341,0.6504015167949231,0.6363709542672976,0.6334608749375576,0.6045708573110525,0.586827373087499,0.4058483945364662
27,0.39382903536404096,0.4591001487577762,0.4931319772338927,0.5055531082094106,0.5248423724102262,0.5369747914078499,0.5520313219981877,0.5528964569447532,0.5499400588219888,0.5598342231001316,0.5767169001913404,0.5798495527102592,0.5878920767552022,0.5851879826883809,0.5997529876187473,0.6072775855191397,0.6440896718500121,0.6496258763726394,0.657807415205484,0.6529678405142676,0.6625275332207814,0.6643780046543221,0.6708862511975318,0.6709585501284008,0.6604344087265872,0.6567888115387571,0.6464752335188754,0.6329047679926119,0.6302142338257841,0.6016568209640818,0.5844173828872047,0.40383935044963254
28,0.38807525476976124,0.45197296593771413,0.48478886889703654,0.4970026189351446,0.5159713109720302,0.5279581674038204,0.5430703871234984,0.5434593478373831,0.5406541439471628,0.5506904495146889,0.5675202736796734,0.570861216934025,0.5788802256929143,0.5761365666738328,0.5906365406144733,0.5977164212553775,0.6342882446490407,0.6400512358065098,0.6481149400144147,0.6433234135925149,0.6532677119839592,0.6554727932104314,0.6624923390882301,0.6629871842512794,0.6529834375001868,0.6496322213605982,0.6398819605297402,0.626983483942972,0.6245330366426576,0.596637609738101,0.5800565893828207,0.4024689206322493
29,0.3833134032663639,0.4459844474245399,0.47825530197404076,0.49048231857163077,0.5092245644253823,0.5210644850855054,0.5355532761027313,0.5356624175162275,0.5328869515333039,0.5428405075373807,0.559486874753853,0.5628960053538388,0.5709974012550858,0.5685888501283901,0.5827914226217453,0.5896373851444757,0.6256823563550519,0.6315523580632986,0.6393670639078993,0.6345982162642942,0.6444693548142111,0.6469865405931815,0.6541596458790667,0.6548700128986671,0.6451513419582655,0.6420376569219166,0.632837684520856,0.6204456155324563,0.6181387669272835,0.5908890071776802,0.5748966051953304,0.3989527913491996
30,0.36047445852728827,0.41793473845326595,0.44831759111597624,0.4595884527761691,0.47750026854731537,0.48883115369987323,0.5024621036376563,0.501184286733344,0.498671936407337,0.5085052350365499,0.5248576662193201,0.5282239428273464,0.5364292363816675,0.5337057314802278,0.5474086276847687,0.5535900571976288,0.5880870627193838,0.5938374447634024,0.6011079006636944,0.5970379854031996,0.6067822100435234,0.6095954189762204,0.6170773302515699,0.6180646953028018,0.6093778151665687,0.6072023943427198,0.5991486728391512,0.5878277835740077,0.5865745004303877,0.5608021176893629,0.5463924025804675,0.3825938148760769
31,0.2777141550955797,0.3165911781854499,0.3397844273594887,0.3471928332766678,0.3614612621856374,0.37154078097766313,0.38223382317712257,0.3829257517359979,0.3821025141209939,0.3924231626181062,0.4056622803122071,0.4097823919014719,0.41405414926897893,0.4112477457285125,0.42419786347095756,0.4285954205591296,0.45791305499283297,0.46106411793295526,0.4666484403654255,0.4650884747257077,0.47416550957550574,0.47772764704058307,0.48656439761812476,0.4900980265759635,0.4841774448242291,0.4840658362902274,0.47898882437105245,0.47069576312627454,0.4716686124219695,0.4490931313481082,0.4394716345307661,0.3141292462640407
