,0,1,2,3,4,5,6,7,8,9,10,11,12,13,14,15,16,17,18,19,20,21,22,23,24,25,26,27
0,0.015138305905818819,0.01495862128973578,0.01487259987521915,0.01480896620323607,0.014750715668258208,0.014698534087631514,0.014695134754289477,0.014671002399987823,0.014643986630166934,0.014629032414988426,0.014637878088912796,0.014629637743946752,0.014629962784525682,0.014622394097850001,0.014623607766126962,0.014621704371035549,0.014619002668031327,0.014591754683422367,0.014619912434767525,0.014622212799701847,0.014632920805583883,0.01468928797834759,0.014788914742735634,0.014957757679104351,0.015120900203519446,0.015406079284767216,0.015708682121887235,0.016831644095212015
1,0.02843829291377155,0.028187989776799375,0.028054099245038065,0.027962627076759894,0.027883898569334275,0.027798544902024807,0.027784034564552827,0.027741198238570245,0.027694177820903332,0.027664122947511586,0.027661624022870087,0.02764337572977124,0.02763615807985721,0.027616121931896345,0.027605637307106214,0.0275851613272404,0.027563032320205218,0.027502197669500347,0.02750658080508191,0.027479035524490377,0.02745675865058222,0.02750588256942746,0.02765445372614978,0.027893417114444482,0.028157657896728836,0.028615969925940492,0.02915500117640896,0.029815740507402155
2,0.04945557336715998,0.04898266608185541,0.048782688827964465,0.048656612580691094,0.048545362715183685,0.04837477355983435,0.04831748022935685,0.04821837734345813,0.048098500703703154,0.04801900866355988,0.047979876354150304,0.04791499269996599,0.0478648035312121,0.04780346216524126,0.04774658877164724,0.04766567380883002,0.047588598920752165,0.04741107169153521,0.047335036291773804,0.047212705177218324,0.04707233865324815,0.04703609540274003,0.04724373832082119,0.04756065267656473,0.047989579174402414,0.04877995460171795,0.04987465860346675,0.05028076499850165
3,0.058563203297184445,0.05803463384098674,0.057799524265479484,0.05765073259347807,0.0575248347585769,0.05734206861492555,0.0572751947098916,0.05716316870956448,0.05702920624848585,0.05694189920327007,0.056885931485188286,0.05681703039926597,0.0567605289203121,0.05668977545258211,0.056626395097292156,0.05652792528320029,0.05643221037256944,0.05622557772573712,0.05611631959786751,0.05596359165435171,0.05579356023158584,0.055765372670344336,0.0560136098744371,0.056386012574473676,0.056889164816748404,0.057789551765086516,0.05901961830791525,0.059525636346446295
4,0.07588399409951195,0.07524115630358524,0.0749530304318339,0.07478451320735913,0.07464072475818079,0.07440257086101242,0.07432631823273088,0.07419040537522097,0.07401010809087731,0.07390021858358625,0.0738460916466824,0.07375602101148428,0.0736820447292066,0.07359541137266627,0.07350815243828115,0.07338257766043735,0.07327887673305176,0.07299830086740966,0.0728781777026926,0.07269322934292145,0.07247836834871879,0.07240175153795886,0.07267294419671236,0.07309219402494835,0.0736894304217071,0.07484299563559826,0.07640138788375378,0.07660665238019909
5,0.08339596469797508,0.08289570955255482,0.0825768660830968,0.08240965905747866,0.08228506376272561,0.08206912345130975,0.08202131335310993,0.08190663675838765,0.08173733448054318,0.08164524453359645,0.08161726756082247,0.08154079067142372,0.08148385765929801,0.08142461177321009,0.08134361427257364,0.08124763709095487,0.08118171390830241,0.08093304714092316,0.08084896419459604,0.08068779255314905,0.0805217429896446,0.08047977181587856,0.08076755822473694,0.08122954923093871,0.08185048856128944,0.08300368506178027,0.08443248758576746,0.08350716648089956
6,0.08455340224135872,0.08406092756411032,0.08373908138327482,0.08356735622809293,0.08344926101028524,0.08324693721492549,0.0832008303277763,0.08310035209988965,0.08294461797668409,0.08285353866766305,0.08282261687676427,0.08275628030850313,0.08270327198367022,0.08265190336510099,0.08257571301172724,0.08248420513354839,0.08241286488097703,0.08217582897264551,0.08208270316055041,0.08192014831375688,0.08176730449115893,0.08175197351195589,0.08203858520682747,0.08249517306758745,0.08312869551704298,0.08427494457437318,0.08570018064854634,0.08499067203628813
7,0.08901591123602118,0.08866895983189178,0.08831895379727712,0.08815192897865193,0.08804565160490227,0.08786246043753454,0.08783609229561218,0.08774899342421195,0.08761119909995586,0.08753988880519925,0.0875133944765673,0.08745746442286882,0.08741515093435936,0.08738321542969166,0.08731478170823156,0.0872450762854066,0.08719815916071562,0.08699857918220441,0.08690525852459026,0.08676098489634343,0.08663762133037464,0.08666651840476274,0.08699505721492014,0.08751875123715183,0.08818903079541304,0.08931321332250386,0.09062421928839738,0.08893384228498026
8,0.08732753475554095,0.08712463553093774,0.08674555315265293,0.08658627068754962,0.0864915191892618,0.08634139344532775,0.08634426582027671,0.08628317396839735,0.08616934679563379,0.08612153210372543,0.0861158992719965,0.08608032579583559,0.08605668636607396,0.0860482011690725,0.08599606821737531,0.08595756361141492,0.08595013944001209,0.08580566414553782,0.0857528962654317,0.08565806766065347,0.08559535808098499,0.08567448045454495,0.0860055376922034,0.08653663357318819,0.08718313990534288,0.08821140078957151,0.08935001185748517,0.08817976505975637
9,0.09486970340848856,0.09468876081430497,0.09428954999269115,0.0941282498640301,0.09403269532487059,0.09386180231312856,0.09386658142294274,0.09379435375429394,0.09366187486074797,0.09361121753868674,0.09361380300064041,0.09356459031313524,0.0935310236939733,0.0935183939890265,0.09345380281822735,0.0934160117804499,0.09341135952836761,0.0932432463003847,0.09318807664933211,0.09308939408985528,0.09300212998122763,0.0930548570392185,0.09339971723900722,0.09394355516307404,0.09460073404422147,0.095698100450526,0.09685119595734283,0.09443773254923253
10,0.10638100584785042,0.10609975468058049,0.10566695585239289,0.10549190628473476,0.10537317603822725,0.10515569764276311,0.10514141226932619,0.10504465275233288,0.10487459591656458,0.1048001598202375,0.10479265744859442,0.10471551658574242,0.1046615469711521,0.10462776615031329,0.10454044078778715,0.10447516165631876,0.10445000709432616,0.10421364103524229,0.10413385675093417,0.10399721533597253,0.10385304227708955,0.10385674169369327,0.10422633688801115,0.10480748117641368,0.10552942908101114,0.10680128032429449,0.1082712604179887,0.10598193142938385
11,0.09933886493360984,0.09911751616982395,0.09870048944436445,0.09853614797517736,0.09843513923321544,0.09824261606129099,0.09824930304263094,0.09817336475778246,0.09802093744965092,0.09796679103247775,0.09798712906696538,0.09792312696314527,0.09788338793989113,0.09786960864444792,0.09779470992624541,0.09775226512243317,0.09775468544455246,0.09756786006322807,0.09753619559136302,0.09745189143023954,0.0973615556919587,0.09737987640617178,0.09771528498431196,0.09825809157224714,0.09891426924273801,0.10008036482686092,0.10136202158147686,0.09878988104518305
12,0.10642850866193487,0.10618480418457037,0.10577025922311445,0.1056082989335773,0.10551485207493073,0.10530706788163302,0.10531267861336788,0.10523320863265953,0.10505813070522549,0.10499464939482463,0.1050278895186857,0.10495747840476273,0.10491212060131745,0.1048968841215077,0.104812741688095,0.10476440741254095,0.10476418924854523,0.10455016715208576,0.10453014913581822,0.10443441164632607,0.10431688646522115,0.10428952775787027,0.1045945737742976,0.10509349867511321,0.10574440061578427,0.10698916987054843,0.10834422004606822,0.10461369269681223
13,0.10823968607895648,0.10806658584577346,0.10765032437028799,0.10749640836592603,0.10741179567626054,0.10720885402503819,0.10723450921189408,0.10716600645539688,0.10699319579427315,0.10693989389712327,0.1070018081188473,0.10693386983743024,0.10690151807322049,0.10690014166093138,0.10681534341957874,0.10678005407204223,0.1067945785197131,0.10660030989834042,0.10662313601830449,0.10656649687399376,0.10647921954429589,0.10645806195300558,0.10673833281160398,0.10720283305418508,0.10780526258202067,0.10906544459166016,0.11028471776154947,0.1055946332808042
14,0.09987638755118508,0.09974681637040128,0.09935579423702012,0.0992089210119758,0.09913314618501139,0.09895446195409961,0.098992494149528,0.09894125783914715,0.09878795804796581,0.09874881856500956,0.09882017557400158,0.09875919014627538,0.0987360898924576,0.0987440035071846,0.09866894846397353,0.09865396490211426,0.09869390085199806,0.09854647833351371,0.09860263468903074,0.0985769256015441,0.09853013414171015,0.09853541473008315,0.09881628072826153,0.0992781301064485,0.09984684677106183,0.10102331711123466,0.10208400267916566,0.09768542703271914
15,0.09490699996781066,0.09477186143369014,0.09438350216925384,0.0942396568625253,0.09416810905014579,0.09400367811706534,0.09404561632963476,0.09400602616453407,0.09386294358418713,0.09382482889001281,0.0938949111979855,0.09384391931901645,0.09382783582336947,0.09384124550533479,0.09377226106916385,0.09376422144186679,0.09381140544514749,0.09368176329161591,0.09374645099261947,0.09373221431125857,0.09370781155688314,0.0937407157357792,0.09401134058595852,0.09445723357599167,0.095015764516897,0.09615567154541936,0.0971415342608253,0.09273317058608962
16,0.09309299927975392,0.09280572241515687,0.09243328454056732,0.09229338972144033,0.09221293573451216,0.09202998294877039,0.09204735507530493,0.09199003780979825,0.09182506807688101,0.09176655916300004,0.09181283081087256,0.0917568359731634,0.09173391222367157,0.09173099131371606,0.09165152228685265,0.09161495007056969,0.09163338894587662,0.09145619312737854,0.09149302855214832,0.09143317872914362,0.09137110020374521,0.0913829083042376,0.09163889108325703,0.09208464795391133,0.09267254939422552,0.09388706001791886,0.0949976176659824,0.0906703504395158
17,0.09540961515007189,0.09506288185129244,0.09469788592156254,0.09455210902204961,0.09446154360343095,0.09425798842311288,0.09425729415672288,0.09418176613285546,0.0940069043521234,0.09393146613615205,0.09395743224029343,0.09388728161780342,0.09385226829229912,0.0938374006672412,0.09374834812020078,0.09368976257581167,0.09368298662418553,0.09347112095172767,0.09346666475938722,0.09336698820740637,0.09325448014521928,0.0932484440808148,0.09352425610015634,0.09398303828469497,0.09461877896208722,0.09589930618778046,0.09718360218488206,0.09310704526141901
18,0.08710948685340678,0.0866983360205528,0.08636392316699379,0.08622945158476657,0.08614557365857889,0.08594698777893882,0.08593969999854784,0.08586400226841874,0.08568916186291727,0.08560954820904755,0.08563491144165472,0.08557065780112173,0.0855429750197972,0.08553078479666143,0.0854406292736272,0.08538182691185121,0.08536803835149719,0.08516065786304317,0.0851582788845137,0.08504752042531967,0.08494643323150305,0.08494501063008024,0.08519157474671216,0.08561138842963789,0.0862133575760992,0.08749995687767308,0.08875221909969189,0.08457399300566566
19,0.08462556534607009,0.08419010036531344,0.08388242749573481,0.08375941353406467,0.0836854023895143,0.08348059007796906,0.08346952891633738,0.0833972792588241,0.08322017817813403,0.08313314504980512,0.08315400444147146,0.08308427474228233,0.0830516958049276,0.08302585871173887,0.08292884470915252,0.08285611055243877,0.08283710233819166,0.08262703576347513,0.0826229307400659,0.08249517584233258,0.08239028590145038,0.08238337181260783,0.0826169376882449,0.083018674135215,0.08361683396073018,0.08492220614162548,0.08619418109572773,0.08216208131449544
20,0.08146960495569097,0.08106978441830129,0.0807753029738985,0.08066308633793573,0.08058582557822311,0.08037734271641137,0.08036987661957323,0.08028978673515579,0.0801152423244374,0.0800348190976003,0.08006893767186782,0.07999481626623564,0.07996878697243863,0.07994087750601064,0.07984455696257836,0.07978497660035933,0.07977547813809081,0.07957722940794129,0.07959365748380376,0.07948253785783897,0.07938769066054403,0.07937538727488537,0.07961796731148095,0.08002864607096627,0.08061020099049623,0.08191975072139177,0.08316200863618994,0.07841820783062624
21,0.07986555166694985,0.07943279372054786,0.07913584714672962,0.07901709381835056,0.07893187938908118,0.07871676513383788,0.07870508827234012,0.07861560966553259,0.07843840831573566,0.07835346534541023,0.07838389066024573,0.07830786046663889,0.0782827938692211,0.07824980352035654,0.07815188275795387,0.0780867169735401,0.07807493602361561,0.07786960911924143,0.07788032777739196,0.07776190008139403,0.07766257340636454,0.07764678934958535,0.07789181763947216,0.07831632058456313,0.07891295446795933,0.0802343446119604,0.08154456019285329,0.07741114974087308
22,0.07911877646963342,0.07867998800806425,0.07837673824620221,0.07825218513381449,0.07816620039588608,0.07795525765696826,0.07794155904674148,0.07785255400899946,0.0776789687905848,0.07759234238878891,0.07760548190989673,0.0775308974675183,0.07750044852213157,0.07746635393144795,0.07736925375381805,0.07730053335894319,0.07728502339057972,0.07707826531808892,0.07706573358755323,0.07693161469318212,0.0768240356599443,0.07682092274605201,0.07707987722323562,0.07752398221873134,0.07814633157581331,0.07944546512613838,0.08078821955592881,0.07709125328090796
23,0.07890518660049711,0.07849006411964848,0.07818297223751254,0.07805857191984147,0.0779793560530522,0.07777866496495718,0.07777257465856145,0.07769366762813976,0.07752734158413263,0.07744369973068349,0.07746098017368352,0.07739395097391813,0.07736472859385927,0.07733734633519691,0.07724432542683068,0.0771846634769875,0.07717473394304872,0.076985245236759,0.07697916023698816,0.07685523279068798,0.07676399325769659,0.0767799127113324,0.07703887663996571,0.07748486444923128,0.07810526087730264,0.0793855512275901,0.080682803639011,0.07677391733725611
24,0.07629557958794433,0.07593626626913426,0.07563654607959226,0.07551694081422451,0.07544553459725833,0.07526009747225647,0.07526357267280678,0.07519530956412344,0.0750436213156913,0.07496903881553853,0.07498913313074808,0.07492763515895155,0.07490175943849017,0.07488052898067185,0.07479462445225697,0.0747459725035552,0.0747453135420891,0.07458198075835369,0.07458799939733857,0.07448513133829522,0.07441986448222189,0.07446390497256786,0.07473380830541076,0.07518910317809435,0.07579543850503219,0.0770351327042958,0.0782672392003588,0.07435783822713644
25,0.07554952379116849,0.0752122563389996,0.07491372713476273,0.07479640632562631,0.07472681543658174,0.07454933920627832,0.07455919114542876,0.07449736853094738,0.07435170483061973,0.07428175417559334,0.07430711833080932,0.07425064595529328,0.07422909880383018,0.07421168087830726,0.07412944738673277,0.0740881413244058,0.07409774863170733,0.07394724361313948,0.07396452712671839,0.07387307679905818,0.0738235306974933,0.07387937859996792,0.07414992140383413,0.07460689967127444,0.075206425941113,0.0764260646837063,0.07760872355865196,0.07384007055757465
26,0.07809187947819492,0.07774294439565206,0.07744120176877482,0.07731951319091863,0.07724468261118513,0.07705964032008016,0.07706860630138135,0.0769991053022433,0.07685046088708047,0.07677987016440668,0.07680872290080488,0.07674533381594775,0.0767250251085577,0.07670743039542131,0.07662105960965443,0.07657905299848498,0.07658954557514917,0.0764344031643499,0.07645500650826602,0.076365317714747,0.07631289044062088,0.07636471075299713,0.07664803435509698,0.07711609643351479,0.07772462358612028,0.07899609825830183,0.08022563376357882,0.07640350095827994
27,0.07624758257971263,0.07595968351164332,0.0756625597562363,0.07554234344442898,0.07547007339824677,0.07529971588106808,0.07531611970283889,0.07525296642639641,0.0751181591012376,0.0750551301028915,0.07508722166324967,0.07503023150244832,0.07501520728954844,0.07500701285760605,0.07492769412671178,0.07489596048452718,0.07491513978822001,0.07477596943614716,0.07480295377614049,0.07472947137961815,0.07469528432401623,0.07476516241118385,0.07505587673761348,0.07553351505982668,0.0761370177356966,0.07736889414605881,0.0785416017522798,0.07521650939059629
28,0.07953703933515839,0.07924993435950502,0.07895044649933297,0.07882770900158817,0.07875468133585439,0.07858334561671634,0.07859973246958792,0.07853854902169952,0.07840378648019387,0.0783348998013279,0.07836036200041861,0.07829932147599176,0.07827946042358146,0.07827184442195789,0.07819071701215326,0.07815469944956462,0.07816632561542698,0.07801661671992718,0.07803567927966494,0.0779548945947521,0.07791348821326102,0.07798670376620799,0.07829118715342115,0.07878048295129837,0.0794044885544753,0.08067213854054256,0.08186755126625117,0.07815915402069966
29,0.07119691071747906,0.07106348745058605,0.07079453212593471,0.07069002635345877,0.07064619275552306,0.0705269567229352,0.07057160345040563,0.07055062043113665,0.07046055294498973,0.07041814476425265,0.07045605349241744,0.07042313594426426,0.07041848038614117,0.07043367873802996,0.07037788893314219,0.07037392599614287,0.07041384665618272,0.07034051527284528,0.07039046670833343,0.07036493464244814,0.07040080160992256,0.07054256881087413,0.07083456383662261,0.07130390489195762,0.0718666012712942,0.07297326892993862,0.07388741800917796,0.07035405809114056
30,0.07240430343511411,0.07226998394406076,0.07200821309229856,0.07189737040101288,0.07184734628626599,0.07173785685652548,0.07177911747904919,0.0717571303894636,0.07168261133085072,0.07164448831869641,0.07166144325754155,0.0716211966675666,0.07162581209451528,0.07163983587154187,0.07159015237863646,0.07157336448050028,0.07161168706541467,0.07154727734281945,0.07156544413631202,0.07154267684608297,0.07158496521011101,0.07173187491875158,0.07207494042544237,0.07261701724911593,0.07322500268236158,0.07427493005318345,0.0752032860621054,0.07313676140867116
31,0.06717515545114758,0.06713839895942221,0.06689479666061253,0.06678054762601905,0.06673532665647762,0.06667795226159483,0.0667168272988116,0.06671516465770501,0.06668030925067832,0.06665913980714719,0.06665101087436753,0.06663199082991753,0.06665777158430991,0.06668644287140837,0.06665809013011478,0.06664369214239789,0.06668321755363085,0.0666596620778936,0.0666559804097021,0.06664023686126502,0.06671198184363222,0.0669051303632434,0.0672613023029851,0.06783551706598988,0.0684585373474418,0.06930852493540358,0.07013109232781713,0.07068729257786767
